This is LuaHBTeX, Version 1.21.0 (TeX Live 2025)  (format=lualatex 2025.10.7)  9 OCT 2025 09:45
 restricted system commands enabled.
**main.tex
(./main.tex
LaTeX2e <2024-11-01> patch level 2
L3 programming layer <2025-01-18>
Lua module: luaotfload 2024-12-03 v3.29 Lua based OpenType font support
Lua module: lualibs 2023-07-13 v2.76 ConTeXt Lua standard libraries.
Lua module: lualibs-extended 2023-07-13 v2.76 ConTeXt Lua libraries -- extended 
collection.
luaotfload | conf : Root cache directory is "D:/Program Files/texlive/2025/texmf
-var/luatex-cache/generic/names".
luaotfload | init : Loading fontloader "fontloader-2023-12-28.lua" from kpse-res
olved path "d:/Program Files/texlive/2025/texmf-dist/tex/luatex/luaotfload/fontl
oader-2023-12-28.lua".
Lua-only attribute luaotfload@noligature = 1
luaotfload | init : Context OpenType loader version 3.134
Inserting `luaotfload.node_processor' in `pre_linebreak_filter'.
Inserting `luaotfload.node_processor' in `hpack_filter'.
Inserting `luaotfload.glyph_stream' in `glyph_stream_provider'.
Inserting `luaotfload.define_font' in `define_font'.
Lua-only attribute luaotfload_color_attribute = 2
luaotfload | conf : Root cache directory is "D:/Program Files/texlive/2025/texmf
-var/luatex-cache/generic/names".
Inserting `luaotfload.harf.strip_prefix' in `find_opentype_file'.
Inserting `luaotfload.harf.strip_prefix' in `find_truetype_file'.
Removing  `luaotfload.glyph_stream' from `glyph_stream_provider'.
Inserting `luaotfload.harf.glyphstream' in `glyph_stream_provider'.
Inserting `luaotfload.harf.finalize_vlist' in `post_linebreak_filter'.
Inserting `luaotfload.harf.finalize_hlist' in `hpack_filter'.
Inserting `luaotfload.cleanup_files' in `wrapup_run'.
Inserting `luaotfload.harf.finalize_unicode' in `finish_pdffile'.
Inserting `luaotfload.glyphinfo' in `glyph_info'.
Lua-only attribute luaotfload.letterspace_done = 3
Inserting `luaotfload.aux.set_sscale_dimens' in `luaotfload.patch_font'.
Inserting `luaotfload.aux.set_font_index' in `luaotfload.patch_font'.
Inserting `luaotfload.aux.patch_cambria_domh' in `luaotfload.patch_font'.
Inserting `luaotfload.aux.fixup_fontdata' in `luaotfload.patch_font_unsafe'.
Inserting `luaotfload.aux.set_capheight' in `luaotfload.patch_font'.
Inserting `luaotfload.aux.set_xheight' in `luaotfload.patch_font'.
Inserting `luaotfload.rewrite_fontname' in `luaotfload.patch_font'.
Inserting `tracingstacklevels' in `input_level_string'. (./wzuthesis.cls
Document Class: wzuthesis 
("d:/Program Files/texlive/2025/texmf-dist/tex/latex/ctex/ctexbook.cls"
("d:/Program Files/texlive/2025/texmf-dist/tex/latex/ctex/config/ctexbackend.cf
g"
File: ctexbackend.cfg 2022/07/14 v2.5.10 Backend configuration file (CTEX)
) ("d:/Program Files/texlive/2025/texmf-dist/tex/latex/l3kernel/expl3.sty"
Package: expl3 2025-01-18 L3 programming layer (loader) 

("d:/Program Files/texlive/2025/texmf-dist/tex/latex/l3backend/l3backend-luatex
.def"
File: l3backend-luatex.def 2024-05-08 L3 backend support: PDF output (LuaTeX)
\l__color_backend_stack_int=\count194
Inserting `l3color' in `luaotfload.parse_color'.
\l__pdf_internal_box=\box52
))
Document Class: ctexbook 2022/07/14 v2.5.10 Chinese adapter for class book (CTE
X)
("d:/Program Files/texlive/2025/texmf-dist/tex/latex/ctex/ctexhook.sty"
Package: ctexhook 2022/07/14 v2.5.10 Document and package hooks (CTEX)
\c__ctex_package_cctab=\catcodetable14
)
("d:/Program Files/texlive/2025/texmf-dist/tex/latex/ctex/ctexpatch.sty"
Package: ctexpatch 2022/07/14 v2.5.10 Patching commands (CTEX)
)
("d:/Program Files/texlive/2025/texmf-dist/tex/latex/base/fix-cm.sty"
Package: fix-cm 2020/11/24 v1.1t fixes to LaTeX

("d:/Program Files/texlive/2025/texmf-dist/tex/latex/base/ts1enc.def"
File: ts1enc.def 2001/06/05 v3.0e (jk/car/fm) Standard LaTeX file
LaTeX Font Info:    Redeclaring font encoding TS1 on input line 47.
))
\l__ctex_tmp_int=\count195
\l__ctex_tmp_box=\box53
\l__ctex_tmp_dim=\dimen140
\g__ctex_section_depth_int=\count196
\g__ctex_font_size_int=\count197
\g__cctab_next_cctab=\catcodetable15

("d:/Program Files/texlive/2025/texmf-dist/tex/latex/ctex/config/ctexopts.cfg"
File: ctexopts.cfg 2022/07/14 v2.5.10 Option configuration file (CTEX)
) ("d:/Program Files/texlive/2025/texmf-dist/tex/latex/base/book.cls"
Document Class: book 2024/06/29 v1.4n Standard LaTeX document class
("d:/Program Files/texlive/2025/texmf-dist/tex/latex/base/bk12.clo"
File: bk12.clo 2024/06/29 v1.4n Standard LaTeX file (size option)
luaotfload | db : Font names database loaded from D:/Program Files/texlive/2025/
texmf-var/luatex-cache/generic/names/luaotfload-names.luc.gz)
\c@part=\count198
\c@chapter=\count199
\c@section=\count266
\c@subsection=\count267
\c@subsubsection=\count268
\c@paragraph=\count269
\c@subparagraph=\count270
\c@figure=\count271
\c@table=\count272
\abovecaptionskip=\skip49
\belowcaptionskip=\skip50
\bibindent=\dimen141
)
("d:/Program Files/texlive/2025/texmf-dist/tex/latex/ctex/engine/ctex-engine-lu
atex.def"
File: ctex-engine-luatex.def 2022/07/14 v2.5.10 LuaLaTeX adapter (CTEX)

("d:/Program Files/texlive/2025/texmf-dist/tex/luatex/luatexja/luatexja.sty"
Package: luatexja 2025-02-08 Japanese Typesetting with Lua(La)TeX

("d:/Program Files/texlive/2025/texmf-dist/tex/luatex/luatexja/luatexja-core.st
y"
Package: luatexja-core 2023-10-07 Core of LuaTeX-ja

("d:/Program Files/texlive/2025/texmf-dist/tex/generic/infwarerr/infwarerr.sty"
Package: infwarerr 2019/12/03 v1.5 Providing info/warning/error messages (HO)
)
("d:/Program Files/texlive/2025/texmf-dist/tex/luatex/luatexbase/luatexbase.sty
"
Package: luatexbase 2015/10/04 v1.3 luatexbase interface to LuaTeX 

("d:/Program Files/texlive/2025/texmf-dist/tex/luatex/ctablestack/ctablestack.s
ty"
Package: ctablestack 2015/10/01 v1.0 Catcode table stable support
\@catcodetablestackcnt=\count273
)
\CatcodeTableOther=\catcodetable16
\CatcodeTableExpl=\catcodetable17
) ("d:/Program Files/texlive/2025/texmf-dist/tex/generic/ltxcmds/ltxcmds.sty"
Package: ltxcmds 2023-12-04 v1.26 LaTeX kernel commands for general use (HO)
)
("d:/Program Files/texlive/2025/texmf-dist/tex/generic/pdftexcmds/pdftexcmds.st
y"
Package: pdftexcmds 2020-06-27 v0.33 Utility functions of pdfTeX for LuaTeX (HO
)
 ("d:/Program Files/texlive/2025/texmf-dist/tex/generic/iftex/iftex.sty"
Package: iftex 2024/12/12 v1.0g TeX engine tests
)
Package pdftexcmds Info: \pdf@primitive is available.
Package pdftexcmds Info: \pdf@ifprimitive is available.
Package pdftexcmds Info: \pdfdraftmode found.
\pdftexcmds@toks=\toks17
)
("d:/Program Files/texlive/2025/texmf-dist/tex/latex/xkeyval/xkeyval.sty"
Package: xkeyval 2022/06/16 v2.9 package option processing (HA)

("d:/Program Files/texlive/2025/texmf-dist/tex/generic/xkeyval/xkeyval.tex"
("d:/Program Files/texlive/2025/texmf-dist/tex/generic/xkeyval/xkvutils.tex"
\XKV@toks=\toks18
\XKV@tempa@toks=\toks19

("d:/Program Files/texlive/2025/texmf-dist/tex/generic/xkeyval/keyval.tex"))
\XKV@depth=\count274
File: xkeyval.tex 2014/12/03 v2.7a key=value parser (HA)
))
("d:/Program Files/texlive/2025/texmf-dist/tex/latex/etoolbox/etoolbox.sty"
Package: etoolbox 2025/02/11 v2.5l e-TeX tools for LaTeX (JAW)
\etb@tempcnta=\count275
)
("d:/Program Files/texlive/2025/texmf-dist/tex/latex/everyhook/everyhook.sty"
("d:/Program Files/texlive/2025/texmf-dist/tex/latex/svn-prov/svn-prov.sty"
Package: svn-prov 2010/04/24 v3.1862 Package Date/Version from SVN Keywords
)
Package: everyhook 2014/11/26 v1.2 (SVN Rev: 12)\ Hooks for low level TeX every
X primitives.
\everypar=\toks20
\frozen@everymath=\toks21
\frozen@everydisplay=\toks22
\everyhbox=\toks23
\everyvbox=\toks24
\everycr=\toks25
)
\ltjlineendcomment=\count276
\ltj@dimen@zw=\dimen142
\ltj@dimen@zh=\dimen143
\ltj@dimen@jQ=\dimen144
\ltj@icflag=\attribute4
\ltj@curjfnt=\attribute5
\ltj@curtfnt=\attribute6
\ltj@charclass=\attribute7
\ltj@charcode=\attribute8
\ltj@autospc=\attribute9
\ltj@autoxspc=\attribute10
\ltj@yablshift=\attribute11
\ltj@ykblshift=\attribute12
\ltj@tablshift=\attribute13
\ltj@tkblshift=\attribute14
\jfam=\attribute15
\ltj@vert@ori=\attribute16
\ltj@dir=\attribute17
\ltj@@japanese=\language2
\ltj@tempcnta=\count277
\ltj@tempdima=\dimen145
\ltj@@stack=\count278
\ltj@@group@level=\count279
\ltj@kcat0=\attribute18
\ltj@kcat1=\attribute19
\ltj@kcat2=\attribute20
\ltj@kcat3=\attribute21
\ltj@kcat4=\attribute22
\ltj@kcat5=\attribute23
\ltj@kcat6=\attribute24
Custom whatsit inhibitglue = 1
Custom whatsit stack_marker = 2
Custom whatsit begin_par = 3
Custom whatsit direction = 4
Custom whatsit box_boundary = 5
Custom whatsit ja_al_boundary = 6(load cache: ltj-cid-auto-adobe-japan1.luc)
Lua module: luatexja.charrange 2022-08-19 Handling the range of Japanese charact
ers
Lua module: luatexja.stack 2022-08-20 LuaTeX-ja stack system
Inserting `ltj.create_dir_whatsit' in `hpack_filter'.
Inserting `ltj.create_dir_whatsit' in `post_linebreak_filter'.
Inserting `ltj.direction' in `vpack_filter'.
Inserting `ltj.direction' in `pre_output_filter'.
Inserting `ltj.lineskip' in `post_linebreak_filter'.
Inserting `ltj.lineskip' in `append_to_vlist_filter'.
Lua module: luatexja.jfont 2024-07-25 Loader for Japanese fonts
Removing  `luaotfload.define_font' from `define_font'.
Inserting `luatexja.font_callback' in `define_font'.
Removing  `luaotfload.aux.set_sscale_dimens' from `luaotfload.patch_font'.
Removing  `luaotfload.aux.set_font_index' from `luaotfload.patch_font'.
Removing  `luaotfload.aux.patch_cambria_domh' from `luaotfload.patch_font'.
Removing  `luaotfload.aux.set_capheight' from `luaotfload.patch_font'.
Removing  `luaotfload.aux.set_xheight' from `luaotfload.patch_font'.
Removing  `luaotfload.rewrite_fontname' from `luaotfload.patch_font'.
Inserting `ltj.prepare_extra_data' in `luaotfload.patch_font'.
Inserting `luaotfload.aux.set_sscale_dimens' in `luaotfload.patch_font'.
Inserting `luaotfload.aux.set_font_index' in `luaotfload.patch_font'.
Inserting `luaotfload.aux.patch_cambria_domh' in `luaotfload.patch_font'.
Inserting `luaotfload.aux.set_capheight' in `luaotfload.patch_font'.
Inserting `luaotfload.aux.set_xheight' in `luaotfload.patch_font'.
Inserting `luaotfload.rewrite_fontname' in `luaotfload.patch_font'.
Inserting `ltj.prepare_extra_data' in `luatexja.define_font'.(load cache: extra_
lmroman12-regular.luc)
Inserting `ltj.get_vert_form' in `luatexja.define_jfont'.
Removing  `ltj.prepare_extra_data' from `luaotfload.patch_font'.
Removing  `luaotfload.aux.set_sscale_dimens' from `luaotfload.patch_font'.
Removing  `luaotfload.aux.set_font_index' from `luaotfload.patch_font'.
Removing  `luaotfload.aux.patch_cambria_domh' from `luaotfload.patch_font'.
Removing  `luaotfload.aux.set_capheight' from `luaotfload.patch_font'.
Removing  `luaotfload.aux.set_xheight' from `luaotfload.patch_font'.
Removing  `luaotfload.rewrite_fontname' from `luaotfload.patch_font'.
Inserting `ltj.supply_tounicode' in `luaotfload.patch_font'.
Inserting `ltj.prepare_extra_data' in `luaotfload.patch_font'.
Inserting `luaotfload.aux.set_sscale_dimens' in `luaotfload.patch_font'.
Inserting `luaotfload.aux.set_font_index' in `luaotfload.patch_font'.
Inserting `luaotfload.aux.patch_cambria_domh' in `luaotfload.patch_font'.
Inserting `luaotfload.aux.set_capheight' in `luaotfload.patch_font'.
Inserting `luaotfload.aux.set_xheight' in `luaotfload.patch_font'.
Inserting `luaotfload.rewrite_fontname' in `luaotfload.patch_font'.
Inserting `ltj.process_input_buffer' in `process_input_buffer'.
Inserting `ltj.hyphenate' in `hyphenate'.
Removing  `luaotfload.node_processor' from `hpack_filter'.
Removing  `luaotfload.harf.finalize_hlist' from `hpack_filter'.
Removing  `ltj.create_dir_whatsit' from `hpack_filter'.
Inserting `ltj.set_stack_level' in `hpack_filter'.
Inserting `luaotfload.node_processor' in `hpack_filter'.
Inserting `luaotfload.harf.finalize_hlist' in `hpack_filter'.
Inserting `ltj.create_dir_whatsit' in `hpack_filter'.
Removing  `luaotfload.node_processor' from `pre_linebreak_filter'.
Inserting `ltj.set_stack_level' in `pre_linebreak_filter'.
Inserting `luaotfload.node_processor' in `pre_linebreak_filter'.
Lua module: luatexja.jfmglue 2024-10-12 Insertion process of JFM glues, [x]kanji
skip and others
Inserting `luatexja.beginpar.np_info' in `luatexja.jfmglue.whatsit_getinfo'.
Inserting `luatexja.beginpar.np_info_after' in `luatexja.jfmglue.whatsit_after'.
Inserting `ltj.mlist_to_hlist_pre' in `pre_mlist_to_hlist_filter'.
Inserting `ltj.main' in `pre_linebreak_filter'.
Removing  `luaotfload.harf.finalize_hlist' from `hpack_filter'.
Removing  `ltj.create_dir_whatsit' from `hpack_filter'.
Inserting `ltj.main' in `hpack_filter'.
Inserting `luaotfload.harf.finalize_hlist' in `hpack_filter'.
Inserting `ltj.create_dir_whatsit' in `hpack_filter'.
Removing  `ltj.set_stack_level' from `pre_linebreak_filter'.
Removing  `luaotfload.node_processor' from `pre_linebreak_filter'.
Removing  `ltj.main' from `pre_linebreak_filter'.
Inserting `ltj.adjust_icflag' in `pre_linebreak_filter'.
Inserting `ltj.set_stack_level' in `pre_linebreak_filter'.
Inserting `luaotfload.node_processor' in `pre_linebreak_filter'.
Inserting `ltj.main' in `pre_linebreak_filter'.
Removing  `ltj.set_stack_level' from `hpack_filter'.
Removing  `luaotfload.node_processor' from `hpack_filter'.
Removing  `ltj.main' from `hpack_filter'.
Removing  `luaotfload.harf.finalize_hlist' from `hpack_filter'.
Removing  `ltj.create_dir_whatsit' from `hpack_filter'.
Inserting `ltj.adjust_icflag' in `hpack_filter'.
Inserting `ltj.set_stack_level' in `hpack_filter'.
Inserting `luaotfload.node_processor' in `hpack_filter'.
Inserting `ltj.main' in `hpack_filter'.
Inserting `luaotfload.harf.finalize_hlist' in `hpack_filter'.
Inserting `ltj.create_dir_whatsit' in `hpack_filter'.
("d:/Program Files/texlive/2025/texmf-dist/tex/luatex/luatexja/ltj-base.sty"
Package: ltj-base 2021-03-16
\ltj@tempcntb=\count280
\ltj@tempcntc=\count281
\ltj@afbox=\box54
)
\ltj@@italic@inner=\luafunction29
\ltj@@start@time@measure@inner=\luafunction30
\ltj@@stop@time@measure@inner=\luafunction31
\ltj@@jfont@inner=\luafunction32
\ltj@zw@inner=\luafunction33
\ltj@zh@inner=\luafunction34
\ltj@reset@globaldefs@inner=\luafunction35
\ltj@restore@globaldefs@inner=\luafunction36
\ltj@@disihb@inner=\luafunction37
\ltj@@ihb@inner=\luafunction38
\ltj@@fakeparbegin@inner=\luafunction39
\ltj@@fakeboxbdd@inner=\luafunction40
\ltj@@ins@xk@inner=\luafunction41
\ltj@@ins@k@inner=\luafunction42
\ltjsetkanjiskip@inner=\luafunction43
\ltjsetxkanjiskip@inner=\luafunction44
\ltj@@getparam@one@inner=\luafunction45
\ltj@alljachar@inner=\luafunction46
\ltj@@lua@populate@insertwhatsit@inner=\luafunction47
\ltj@@vadjust@begin@inner=\luafunction48
\ltj@@vadjust@dirhook@inner=\luafunction49
\ltj@@vadjust@check@dir@inner=\luafunction50
\ltj@@box@dirhook@inner=\luafunction51
\ltj@@reset@badness@inner=\luafunction52
\ltj@@lua@raisebox@inner=\luafunction53
\ltj@@vsplit@inner=\luafunction54
\ltj@@lua@unboxcheckdir@inner=\luafunction55
\ltj@@lua@uncopycheckdir@inner=\luafunction56
\ltj@@lua@uncopy@restore@whatsit@inner=\luafunction57
(load cache: ltj-kinsoku_default.luc)

Package ctexhook Info: Package `ltj-latex' can not be loaded with `ctexbook'.

LaTeX Info: Package 'ltj-latex.sty' has been disabled.
            Load request ignored on input line 780.
\ltj@temp@cctb=\catcodetable18
)
("d:/Program Files/texlive/2025/texmf-dist/tex/luatex/luatexja/luatexja-compat.
sty"
Package: luatexja-compat 2020-08-08 Compatibility with pTeX
(load cache: ltj-jisx0208.luc)
\hour=\count282
\minute=\count283
))
("d:/Program Files/texlive/2025/texmf-dist/tex/latex/fontspec/fontspec.sty"
("d:/Program Files/texlive/2025/texmf-dist/tex/latex/l3packages/xparse/xparse.s
ty"
Package: xparse 2024-08-16 L3 Experimental document command parser
)
Package: fontspec 2024/05/11 v2.9e Font selection for XeLaTeX and LuaLaTeX
Lua module: fontspec 2024/05/11 v2.9e Font selection for XeLaTeX and LuaLaTeX
("d:/Program Files/texlive/2025/texmf-dist/tex/latex/fontspec/fontspec-luatex.s
ty"
Package: fontspec-luatex 2024/05/11 v2.9e Font selection for XeLaTeX and LuaLaT
eX
\l__fontspec_script_int=\count284
\l__fontspec_language_int=\count285
\l__fontspec_strnum_int=\count286
\l__fontspec_tmp_int=\count287
\l__fontspec_tmpa_int=\count288
\l__fontspec_tmpb_int=\count289
\l__fontspec_tmpc_int=\count290
\l__fontspec_em_int=\count291
\l__fontspec_emdef_int=\count292
\l__fontspec_strong_int=\count293
\l__fontspec_strongdef_int=\count294
\l__fontspec_tmpa_dim=\dimen146
\l__fontspec_tmpb_dim=\dimen147
\l__fontspec_tmpc_dim=\dimen148
 ("d:/Program Files/texlive/2025/texmf-dist/tex/latex/base/fontenc.sty"
Package: fontenc 2021/04/29 v2.0v Standard LaTeX package
)
("d:/Program Files/texlive/2025/texmf-dist/tex/latex/fontspec/fontspec.cfg")(loa
d cache: extra_lmroman12-bold.luc)))
\g__cctab_next_cctab=\catcodetable19

("d:/Program Files/texlive/2025/texmf-dist/tex/latex/base/tuenc.def"
File: tuenc.def 2021/04/29 v2.0v Standard LaTeX file
\@remove@tlig@@@=\luafunction58
LaTeX Font Info:    Redeclaring font encoding TU on input line 105.
)
Lua function ctex_ltj_add_kyenc:n = 59
Lua function ctex_ltj_is_kenc:n = 60
Lua function ctex_ltj_patch_external_font:n = 61
Lua function ctex_ltj_set_alt_font:nnnn = 62
Lua function ctex_ltj_clear_alt_font:n = 63
Lua function ctex_ltj_pickup_alt_font:nn = 64
Lua function __ctex_ltj_pickup_alt_font:Nn = 65
Lua function __ctex_ltj_if_alt_set:nT = 66
Lua function ctex_ltj_zero_globaldefs: = 67
\symCJKmath=\mathgroup4
LaTeX Font Info:    Overwriting symbol font `CJKmath' in version `bold'
(Font)                  LTJY3/song/m/n --> LTJY3/song/b/n on input line 471.
\g__ctex_ltj_family_int=\count295
\ccwd=\dimen149
\l__ctex_ccglue_skip=\skip51
(load cache: ltj-cid-auto-adobe-gb1.luc)
(d:/Program Files/texlive/2025/texmf-dist/tex/luatex/chinese-jfm/jfm-zh_CN.lua)
\l__ctex_xkanjiskip_skip=\skip52
\cht=\dimen150
\cdp=\dimen151
\cwd=\dimen152
Lua function ctex_update_kanjisize: = 68)
\l__ctex_ziju_dim=\dimen153
 ("d:/Program Files/texlive/2025/texmf-dist/tex/latex/zhnumber/zhnumber.sty"
Package: zhnumber 2022/07/14 v3.0 Typesetting numbers with Chinese glyphs
\l__zhnum_scale_int=\count296
\l__zhnum_tmp_int=\count297

("d:/Program Files/texlive/2025/texmf-dist/tex/latex/zhnumber/zhnumber-utf8.cfg
"
File: zhnumber-utf8.cfg 2022/07/14 v3.0 Chinese numerals with UTF8 encoding
))
\l__ctex_heading_skip=\skip53

("d:/Program Files/texlive/2025/texmf-dist/tex/latex/ctex/scheme/ctex-scheme-ch
inese-book.def"
File: ctex-scheme-chinese-book.def 2022/07/14 v2.5.10 Chinese scheme for book (
CTEX)

("d:/Program Files/texlive/2025/texmf-dist/tex/latex/ctex/config/ctex-name-utf8
.cfg"
File: ctex-name-utf8.cfg 2022/07/14 v2.5.10 Caption with encoding UTF-8 (CTEX)
))
("d:/Program Files/texlive/2025/texmf-dist/tex/latex/ctex/ctex-cs4size.clo"
File: ctex-cs4size.clo 2022/07/14 v2.5.10 cs4size option (CTEX)
)(load cache: extra_lmroman9-regular.luc)
("d:/Program Files/texlive/2025/texmf-dist/tex/latex/ctex/fontset/ctex-fontset-
windows.def"
File: ctex-fontset-windows.def 2022/07/14 v2.5.10 Windows fonts definition (CTE
X)
luaotfload | cache : Lookup cache loaded from D:/Program Files/texlive/2025/texm
f-var/luatex-cache/generic/names/luaotfload-lookup-cache.luc.(load cache: extra_
simsun.luc)(load cache: extra_kaiti.luc)

Package fontspec Info: 
(fontspec)             Could not resolve font "KaiTi/B" (it probably doesn't
(fontspec)             exist).

(load cache: extra_simhei.luc)

Package fontspec Info: 
(fontspec)             Could not resolve font "SimHei/I" (it probably doesn't
(fontspec)             exist).


Package fontspec Info: 
(fontspec)             Could not resolve font "SimSun/BI" (it probably doesn't
(fontspec)             exist).


Package fontspec Info: 
(fontspec)             Font family 'SimSun(0)' created for font 'SimSun' with
(fontspec)             options
(fontspec)             [NFSSEncoding=LTJY3,JFM=zh_CN/quanjiao,BoldFont={SimHei}
,ItalicFont={KaiTi},LTJFONTUID=1].
(fontspec)              
(fontspec)              This font family consists of the following NFSS
(fontspec)             series/shapes:
(fontspec)              
(fontspec)             - 'normal' (m/n) with NFSS spec.:
(fontspec)             <->"name:SimSun:mode=node;script=latn;language=dflt;jfm=
zh_CN/quanjiao;"
(fontspec)             - 'bold' (b/n) with NFSS spec.:
(fontspec)             <->"name:SimHei:mode=node;script=latn;language=dflt;jfm=
zh_CN/quanjiao;"
(fontspec)             - 'italic' (m/it) with NFSS spec.:
(fontspec)             <->"name:KaiTi:mode=node;script=latn;language=dflt;jfm=z
h_CN/quanjiao;"

))
("d:/Program Files/texlive/2025/texmf-dist/tex/latex/ctex/config/ctex.cfg"
File: ctex.cfg 2022/07/14 v2.5.10 Configuration file (CTEX)
)
("d:/Program Files/texlive/2025/texmf-dist/tex/latex/geometry/geometry.sty"
Package: geometry 2020/01/02 v5.9 Page Geometry

("d:/Program Files/texlive/2025/texmf-dist/tex/generic/iftex/ifvtex.sty"
Package: ifvtex 2019/10/25 v1.7 ifvtex legacy package. Use iftex instead.
)
\Gm@cnth=\count298
\Gm@cntv=\count299
\c@Gm@tempcnt=\count300
\Gm@bindingoffset=\dimen154
\Gm@wd@mp=\dimen155
\Gm@odd@mp=\dimen156
\Gm@even@mp=\dimen157
\Gm@layoutwidth=\dimen158
\Gm@layoutheight=\dimen159
\Gm@layouthoffset=\dimen160
\Gm@layoutvoffset=\dimen161
\Gm@dimlist=\toks26
)
("d:/Program Files/texlive/2025/texmf-dist/tex/latex/fancyhdr/fancyhdr.sty"
Package: fancyhdr 2025/02/07 v5.2 Extensive control of page headers and footers

\f@nch@headwidth=\skip54
\f@nch@offset@elh=\skip55
\f@nch@offset@erh=\skip56
\f@nch@offset@olh=\skip57
\f@nch@offset@orh=\skip58
\f@nch@offset@elf=\skip59
\f@nch@offset@erf=\skip60
\f@nch@offset@olf=\skip61
\f@nch@offset@orf=\skip62
\f@nch@height=\skip63
\f@nch@footalignment=\skip64
\f@nch@widthL=\skip65
\f@nch@widthC=\skip66
\f@nch@widthR=\skip67
\@temptokenb=\toks27
)
("d:/Program Files/texlive/2025/texmf-dist/tex/latex/setspace/setspace.sty"
Package: setspace 2022/12/04 v6.7b set line spacing
)
("d:/Program Files/texlive/2025/texmf-dist/tex/latex/tocbibind/tocbibind.sty"
Package: tocbibind 2010/10/13 v1.5k extra ToC listings
Package tocbibind Info: The document has chapter divisions on input line 50.


Package tocbibind Note: Using chapter style headings, unless overridden.

) ("d:/Program Files/texlive/2025/texmf-dist/tex/latex/tocloft/tocloft.sty"
Package: tocloft 2017/08/31 v2.3i parameterised ToC, etc., typesetting
Package tocloft Info: The document has chapter divisions on input line 51.
\cftparskip=\skip68
\cftbeforetoctitleskip=\skip69
\cftaftertoctitleskip=\skip70
\cftbeforepartskip=\skip71
\cftpartnumwidth=\skip72
\cftpartindent=\skip73
\cftbeforechapskip=\skip74
\cftchapindent=\skip75
\cftchapnumwidth=\skip76
\cftbeforesecskip=\skip77
\cftsecindent=\skip78
\cftsecnumwidth=\skip79
\cftbeforesubsecskip=\skip80
\cftsubsecindent=\skip81
\cftsubsecnumwidth=\skip82
\cftbeforesubsubsecskip=\skip83
\cftsubsubsecindent=\skip84
\cftsubsubsecnumwidth=\skip85
\cftbeforeparaskip=\skip86
\cftparaindent=\skip87
\cftparanumwidth=\skip88
\cftbeforesubparaskip=\skip89
\cftsubparaindent=\skip90
\cftsubparanumwidth=\skip91
\cftbeforeloftitleskip=\skip92
\cftafterloftitleskip=\skip93
\cftbeforefigskip=\skip94
\cftfigindent=\skip95
\cftfignumwidth=\skip96
\c@lofdepth=\count301
\c@lotdepth=\count302
\cftbeforelottitleskip=\skip97
\cftafterlottitleskip=\skip98
\cftbeforetabskip=\skip99
\cfttabindent=\skip100
\cfttabnumwidth=\skip101
)
("d:/Program Files/texlive/2025/texmf-dist/tex/latex/xcolor/xcolor.sty"
Package: xcolor 2024/09/29 v3.02 LaTeX color extensions (UK)

("d:/Program Files/texlive/2025/texmf-dist/tex/latex/graphics-cfg/color.cfg"
File: color.cfg 2016/01/02 v1.6 sample color configuration
)
Package xcolor Info: Driver file: luatex.def on input line 274.

("d:/Program Files/texlive/2025/texmf-dist/tex/latex/graphics-def/luatex.def"
File: luatex.def 2024/04/13 v1.2e Graphics/color driver for luatex
)
("d:/Program Files/texlive/2025/texmf-dist/tex/latex/graphics/mathcolor.ltx")
Package xcolor Info: Model `cmy' substituted by `cmy0' on input line 1349.
Package xcolor Info: Model `hsb' substituted by `rgb' on input line 1353.
Package xcolor Info: Model `RGB' extended on input line 1365.
Package xcolor Info: Model `HTML' substituted by `rgb' on input line 1367.
Package xcolor Info: Model `Hsb' substituted by `hsb' on input line 1368.
Package xcolor Info: Model `tHsb' substituted by `hsb' on input line 1369.
Package xcolor Info: Model `HSB' substituted by `hsb' on input line 1370.
Package xcolor Info: Model `Gray' substituted by `gray' on input line 1371.
Package xcolor Info: Model `wave' substituted by `hsb' on input line 1372.
)
("d:/Program Files/texlive/2025/texmf-dist/tex/latex/minted/minted.sty"
Package: minted 2025/03/06 v3.6.0 Yet another Pygments shim for LaTeX

("d:/Program Files/texlive/2025/texmf-dist/tex/generic/catchfile/catchfile.sty"
Package: catchfile 2019/12/09 v1.8 Catch the contents of a file (HO)
("d:/Program Files/texlive/2025/texmf-dist/tex/generic/etexcmds/etexcmds.sty"
Package: etexcmds 2019/12/15 v1.7 Avoid name clashes with e-TeX commands (HO)
)) ("d:/Program Files/texlive/2025/texmf-dist/tex/latex/fvextra/fvextra.sty"
Package: fvextra 2025/03/04 v1.12.0 fvextra - extensions and patches for fancyv
rb

("d:/Program Files/texlive/2025/texmf-dist/tex/latex/fancyvrb/fancyvrb.sty"
Package: fancyvrb 2024/01/20 4.5c verbatim text (tvz,hv)
\FV@CodeLineNo=\count303
\FV@InFile=\read2
\FV@TabBox=\box55
\c@FancyVerbLine=\count304
\FV@StepNumber=\count305
\FV@OutFile=\write3
)
("d:/Program Files/texlive/2025/texmf-dist/tex/latex/upquote/upquote.sty"
Package: upquote 2012/04/19 v1.3 upright-quote and grave-accent glyphs in verba
tim

("d:/Program Files/texlive/2025/texmf-dist/tex/latex/base/textcomp.sty"
Package: textcomp 2024/04/24 v2.1b Standard LaTeX package
))
("d:/Program Files/texlive/2025/texmf-dist/tex/latex/lineno/lineno.sty"
Package: lineno 2025/01/29 line numbers on paragraphs v5.4

("d:/Program Files/texlive/2025/texmf-dist/tex/latex/kvoptions/kvoptions.sty"
Package: kvoptions 2022-06-15 v3.15 Key value format for package options (HO)

("d:/Program Files/texlive/2025/texmf-dist/tex/latex/kvsetkeys/kvsetkeys.sty"
Package: kvsetkeys 2022-10-05 v1.19 Key value parser (HO)
))
\linenopenalty=\count306
\output=\toks28
\linenoprevgraf=\count307
\linenumbersep=\dimen162
\linenumberwidth=\dimen163
\c@linenumber=\count308
\c@pagewiselinenumber=\count309
\c@LN@truepage=\count310
\c@internallinenumber=\count311
\c@internallinenumbers=\count312
\quotelinenumbersep=\dimen164
\bframerule=\dimen165
\bframesep=\dimen166
\bframebox=\box56
LaTeX Info: Redefining \\ on input line 3187.
)
\c@FancyVerbWriteLine=\count313
\c@FancyVerbBufferLine=\count314
\c@FV@TrueTabGroupLevel=\count315
\c@FV@TrueTabCounter=\count316
\FV@TabBox@Group=\box57
\FV@bgcolorstructbox=\box58
\FV@TmpLength=\skip102
\c@FV@HighlightLinesStart=\count317
\c@FV@HighlightLinesStop=\count318
\FV@LoopCount=\count319
\FV@NCharsBox=\box59
\FV@BreakIndent=\dimen167
\FV@BreakIndentNChars=\count320
\FV@BreakSymbolSepLeft=\dimen168
\FV@BreakSymbolSepLeftNChars=\count321
\FV@BreakSymbolSepRight=\dimen169
\FV@BreakSymbolSepRightNChars=\count322
\FV@BreakSymbolIndentLeft=\dimen170
\FV@BreakSymbolIndentLeftNChars=\count323
\FV@BreakSymbolIndentRight=\dimen171
\FV@BreakSymbolIndentRightNChars=\count324
\c@FancyVerbLineBreakLast=\count325
\FV@LineBox=\box60
\FV@LineIndentBox=\box61
\c@FV@BreakBufferDepth=\count326
\FV@LineWidth=\dimen172
)
("d:/Program Files/texlive/2025/texmf-dist/tex/latex/latex2pydata/latex2pydata.
sty"
Package: latex2pydata 2025/03/03 v0.5.0 latex2pydata - write data to file in Py
thon literal format
)
("d:/Program Files/texlive/2025/texmf-dist/tex/latex/pgf/utilities/pgfkeys.sty"

("d:/Program Files/texlive/2025/texmf-dist/tex/generic/pgf/utilities/pgfkeys.co
de.tex"
\pgfkeys@pathtoks=\toks29
\pgfkeys@temptoks=\toks30

("d:/Program Files/texlive/2025/texmf-dist/tex/generic/pgf/utilities/pgfkeyslib
raryfiltered.code.tex"
\pgfkeys@tmptoks=\toks31
)))
("d:/Program Files/texlive/2025/texmf-dist/tex/latex/pgfopts/pgfopts.sty"
Package: pgfopts 2014/07/10 v2.1a LaTeX package options with pgfkeys
\pgfopts@list@add@a@toks=\toks32
\pgfopts@list@add@b@toks=\toks33
)
("d:/Program Files/texlive/2025/texmf-dist/tex/latex/tools/shellesc.sty"
Package: shellesc 2023/07/08 v1.0d unified shell escape interface for LaTeX
Package shellesc Info: Restricted shell escape enabled on input line 77.
)
("d:/Program Files/texlive/2025/texmf-dist/tex/latex/float/float.sty"
Package: float 2001/11/08 v1.3d Float enhancements (AL)
\c@float@type=\count327
\float@exts=\toks34
\float@box=\box62
\@float@everytoks=\toks35
\@floatcapt=\box63
)
\c@minted@FancyVerbLineTemp=\count328
\@float@every@listing=\toks36
\c@listing=\count329
)
("d:/Program Files/texlive/2025/texmf-dist/tex/latex/gensymb/gensymb.sty"
Package: gensymb 2022/10/17 v1.0.2 (KJH)
)
("d:/Program Files/texlive/2025/texmf-dist/tex/latex/booktabs/booktabs.sty"
Package: booktabs 2020/01/12 v1.61803398 Publication quality tables
\heavyrulewidth=\dimen173
\lightrulewidth=\dimen174
\cmidrulewidth=\dimen175
\belowrulesep=\dimen176
\belowbottomsep=\dimen177
\aboverulesep=\dimen178
\abovetopsep=\dimen179
\cmidrulesep=\dimen180
\cmidrulekern=\dimen181
\defaultaddspace=\dimen182
\@cmidla=\count330
\@cmidlb=\count331
\@aboverulesep=\dimen183
\@belowrulesep=\dimen184
\@thisruleclass=\count332
\@lastruleclass=\count333
\@thisrulewidth=\dimen185
)
("d:/Program Files/texlive/2025/texmf-dist/tex/latex/multirow/multirow.sty"
Package: multirow 2024/11/12 v2.9 Span multiple rows of a table
\multirow@colwidth=\skip103
\multirow@cntb=\count334
\multirow@dima=\skip104
\bigstrutjot=\dimen186
)
("d:/Program Files/texlive/2025/texmf-dist/tex/latex/makecell/makecell.sty"
Package: makecell 2009/08/03 V0.1e Managing of Tab Column Heads and Cells

("d:/Program Files/texlive/2025/texmf-dist/tex/latex/tools/array.sty"
Package: array 2024/10/17 v2.6g Tabular extension package (FMi)
\col@sep=\dimen187
\ar@mcellbox=\box64
\extrarowheight=\dimen188
\NC@list=\toks37
\extratabsurround=\skip105
\backup@length=\skip106
\ar@cellbox=\box65
)
\rotheadsize=\dimen189
\c@nlinenum=\count335
\TeXr@lab=\toks38
)
("d:/Program Files/texlive/2025/texmf-dist/tex/latex/tools/longtable.sty"
Package: longtable 2024-10-27 v4.22 Multi-page Table package (DPC)
\LTleft=\skip107
\LTright=\skip108
\LTpre=\skip109
\LTpost=\skip110
\LTchunksize=\count336
\LTcapwidth=\dimen190
\LT@head=\box66
\LT@firsthead=\box67
\LT@foot=\box68
\LT@lastfoot=\box69
\LT@gbox=\box70
\LT@cols=\count337
\LT@rows=\count338
\c@LT@tables=\count339
\c@LT@chunks=\count340
\LT@p@ftn=\toks39
)
("d:/Program Files/texlive/2025/texmf-dist/tex/latex/colortbl/colortbl.sty"
Package: colortbl 2024/07/06 v1.0i Color table columns (DPC)
\everycr=\toks40
\minrowclearance=\skip111
\rownum=\count341
)
("d:/Program Files/texlive/2025/texmf-dist/tex/latex/graphics/graphicx.sty"
Package: graphicx 2021/09/16 v1.2d Enhanced LaTeX Graphics (DPC,SPQR)

("d:/Program Files/texlive/2025/texmf-dist/tex/latex/graphics/graphics.sty"
Package: graphics 2024/08/06 v1.4g Standard LaTeX Graphics (DPC,SPQR)

("d:/Program Files/texlive/2025/texmf-dist/tex/latex/graphics/trig.sty"
Package: trig 2023/12/02 v1.11 sin cos tan (DPC)
)
("d:/Program Files/texlive/2025/texmf-dist/tex/latex/graphics-cfg/graphics.cfg"
File: graphics.cfg 2016/06/04 v1.11 sample graphics configuration
)
Package graphics Info: Driver file: luatex.def on input line 106.
)
\Gin@req@height=\dimen191
\Gin@req@width=\dimen192
) ("d:/Program Files/texlive/2025/texmf-dist/tex/latex/wrapfig/wrapfig.sty"
\wrapoverhang=\dimen193
\WF@size=\dimen194
\c@WF@wrappedlines=\count342
\WF@box=\box71
\WF@everypar=\toks41
Package: wrapfig 2003/01/31  v 3.6
)
("d:/Program Files/texlive/2025/texmf-dist/tex/latex/caption/caption.sty"
Package: caption 2023/08/05 v3.6o Customizing captions (AR)

("d:/Program Files/texlive/2025/texmf-dist/tex/latex/caption/caption3.sty"
Package: caption3 2023/07/31 v2.4d caption3 kernel (AR)
\caption@tempdima=\dimen195
\captionmargin=\dimen196
\caption@leftmargin=\dimen197
\caption@rightmargin=\dimen198
\caption@width=\dimen199
\caption@indent=\dimen256
\caption@parindent=\dimen257
\caption@hangindent=\dimen258
Package caption Info: Standard document class detected.
)
\c@caption@flags=\count343
\c@continuedfloat=\count344
Package caption Info: float package is loaded.
Package caption Info: longtable package is loaded.

("d:/Program Files/texlive/2025/texmf-dist/tex/latex/caption/ltcaption.sty"
Package: ltcaption 2021/01/08 v1.4c longtable captions (AR)
)
Package caption Info: wrapfig package is loaded.
)
("d:/Program Files/texlive/2025/texmf-dist/tex/latex/caption/subcaption.sty"
Package: subcaption 2023/07/28 v1.6b Sub-captions (AR)
Package caption Info: New subtype `subfigure' on input line 238.
\c@subfigure=\count345
Package caption Info: New subtype `subtable' on input line 238.
\c@subtable=\count346
)
("d:/Program Files/texlive/2025/texmf-dist/tex/latex/textpos/textpos.sty"
Package: textpos 2022/07/23 v1.10.1
Package textpos Info: choosing support for LaTeX3 on input line 60.
\TP@textbox=\box72
\TP@holdbox=\box73
\TPHorizModule=\dimen259
\TPVertModule=\dimen260
\TP@margin=\dimen261
\TP@absmargin=\dimen262

Grid set 16 x 16 = 37.34424pt x 52.81541pt
\TPboxrulesize=\dimen263
\TP@ox=\dimen264
\TP@oy=\dimen265
\TP@tbargs=\toks42
TextBlockOrigin set to 0pt x 0pt
) ("d:/Program Files/texlive/2025/texmf-dist/tex/latex/nomencl/nomencl.sty"
Package: nomencl 2021/11/10 v5.6 Nomenclature package

("d:/Program Files/texlive/2025/texmf-dist/tex/latex/base/ifthen.sty"
Package: ifthen 2024/03/16 v1.1e Standard LaTeX ifthen package (DPC)
)
("d:/Program Files/texlive/2025/texmf-dist/tex/latex/koma-script/tocbasic.sty"
Package: tocbasic 2024/10/24 v3.43 KOMA-Script package (handling toc-files)

("d:/Program Files/texlive/2025/texmf-dist/tex/latex/koma-script/scrbase.sty"
Package: scrbase 2024/10/24 v3.43 KOMA-Script package (KOMA-Script-independent 
basics and keyval usage)

("d:/Program Files/texlive/2025/texmf-dist/tex/latex/koma-script/scrlfile.sty"
Package: scrlfile 2024/10/24 v3.43 KOMA-Script package (file load hooks)

("d:/Program Files/texlive/2025/texmf-dist/tex/latex/koma-script/scrlfile-hook.
sty"
Package: scrlfile-hook 2024/10/24 v3.43 KOMA-Script package (using LaTeX hooks)


("d:/Program Files/texlive/2025/texmf-dist/tex/latex/koma-script/scrlogo.sty"
Package: scrlogo 2024/10/24 v3.43 KOMA-Script package (logo)
)))
Applying: [2021/05/01] Usage of raw or classic option list on input line 254.
Already applied: [0000/00/00] Usage of raw or classic option list on input line
 370.
)
\scr@dte@tocline@numberwidth=\skip112
\scr@dte@tocline@numbox=\box74
)
Package tocbasic Info: omitting babel extension for `nlo'
(tocbasic)             because of missing \bbl@set@language on input line 187.
Package tocbasic Info: omitting babel extension for `nls'
(tocbasic)             because of missing \bbl@set@language on input line 188.
\nomlabelwidth=\dimen266
\nom@tempdim=\dimen267
\nomitemsep=\skip113
)
("d:/Program Files/texlive/2025/texmf-dist/tex/latex/algorithm2e/algorithm2e.st
y"
Package: algorithm2e 2017/07/18 v5.2 algorithms environments
\c@AlgoLine=\count347
\algocf@hangindent=\skip114
 ("d:/Program Files/texlive/2025/texmf-dist/tex/latex/ifoddpage/ifoddpage.sty"
Package: ifoddpage 2022/10/18 v1.2 Conditionals for odd/even page detection
\c@checkoddpage=\count348
) ("d:/Program Files/texlive/2025/texmf-dist/tex/latex/tools/xspace.sty"
Package: xspace 2014/10/28 v1.13 Space after command names (DPC,MH)
)
("d:/Program Files/texlive/2025/texmf-dist/tex/latex/relsize/relsize.sty"
Package: relsize 2013/03/29 ver 4.1
)
\skiptotal=\skip115
\skiplinenumber=\skip116
\skiprule=\skip117
\skiphlne=\skip118
\skiptext=\skip119
\skiplength=\skip120
\algomargin=\skip121
\skipalgocfslide=\skip122
\algowidth=\dimen268
\inoutsize=\dimen269
\inoutindent=\dimen270
\interspacetitleruled=\dimen271
\interspacealgoruled=\dimen272
\interspacetitleboxruled=\dimen273
\algocf@ruledwidth=\skip123
\algocf@inoutbox=\box75
\algocf@inputbox=\box76
\AlCapSkip=\skip124
\AlCapHSkip=\skip125
\algoskipindent=\skip126
\algocf@nlbox=\box77
\algocf@hangingbox=\box78
\algocf@untilbox=\box79
\algocf@skipuntil=\skip127
\algocf@capbox=\box80
\algocf@lcaptionbox=\skip128
\algoheightruledefault=\skip129
\algoheightrule=\skip130
\algotitleheightruledefault=\skip131
\algotitleheightrule=\skip132
\c@algocfline=\count349
\c@algocfproc=\count350
\c@algocf=\count351
\algocf@algoframe=\box81
\algocf@algobox=\box82
)
("d:/Program Files/texlive/2025/texmf-dist/tex/latex/listings/listings.sty"
\lst@mode=\count352
\lst@gtempboxa=\box83
\lst@token=\toks43
\lst@length=\count353
\lst@currlwidth=\dimen274
\lst@column=\count354
\lst@pos=\count355
\lst@lostspace=\dimen275
\lst@width=\dimen276
\lst@newlines=\count356
\lst@lineno=\count357
\lst@maxwidth=\dimen277

("d:/Program Files/texlive/2025/texmf-dist/tex/latex/listings/lstpatch.sty"
File: lstpatch.sty 2024/09/23 1.10c (Carsten Heinz)
)
("d:/Program Files/texlive/2025/texmf-dist/tex/latex/listings/lstmisc.sty"
File: lstmisc.sty 2024/09/23 1.10c (Carsten Heinz)
\c@lstnumber=\count358
\lst@skipnumbers=\count359
\lst@framebox=\box84
)
("d:/Program Files/texlive/2025/texmf-dist/tex/latex/listings/listings.cfg"
File: listings.cfg 2024/09/23 1.10c listings configuration
))
Package: listings 2024/09/23 1.10c (Carsten Heinz)

("d:/Program Files/texlive/2025/texmf-dist/tex/luatex/luatexja/patches/lltjp-li
stings.sty"
("d:/Program Files/texlive/2025/texmf-dist/tex/luatex/luatexbase/luatexbase-cct
b.sty"
Package: luatexbase-cctb 2015/10/04 v1.3 luatexbase interface to LuaTeX (legacy
 subpackage) 
)
\ltj@lst@japanese@min=\count360
\CatcodeTableLTJlistings=\catcodetable20
\ltj@lst@frame@lslimit=\dimen278

("d:/Program Files/texlive/2025/texmf-dist/tex/latex/listings/lstmisc.sty"
File: lstmisc.sty 2024/09/23 1.10c (Carsten Heinz)
\lst@WFtoken=\toks44
\lst@WF=\write4
))
("d:/Program Files/texlive/2025/texmf-dist/tex/latex/datetime/datetime.sty"
Package: datetime 2015/03/20 v2.60 Date Time Package

("d:/Program Files/texlive/2025/texmf-dist/tex/latex/fmtcount/fmtcount.sty"
Package: fmtcount 2025/02/09 v3.10 Displaying the values of LaTeX counters (NT,
VB,NE)

("d:/Program Files/texlive/2025/texmf-dist/tex/latex/fmtcount/fcprefix.sty"
Package: fcprefix 2012/09/28

("d:/Program Files/texlive/2025/texmf-dist/tex/latex/fmtcount/fcnumparser.sty"
Package: fcnumparser 2017/06/15
\fc@digit@counter=\count361
)) ("d:/Program Files/texlive/2025/texmf-dist/tex/latex/amsmath/amsgen.sty"
File: amsgen.sty 1999/11/30 v2.0 generic functions
\@emptytoks=\toks45
\ex@=\dimen279
)
\c@padzeroesN=\count362
\fc@tmpcatcode=\count363
\@DT@modctr=\count364
\@ordinalctr=\count365
\@orgargctr=\count366
\@strctr=\count367
\@tmpstrctr=\count368
\@DT@loopN=\count369
\@DT@X=\count370
)
("d:/Program Files/texlive/2025/texmf-dist/tex/latex/datetime/datetime-defaults
.sty"
Package: datetime-defaults 2013/09/10
)
\@day=\count371
\@month=\count372
\@year=\count373
\c@HOUR=\count374
\c@HOURXII=\count375
\c@MINUTE=\count376
\c@TOHOUR=\count377
\c@TOMINUTE=\count378
\c@SECOND=\count379
\currenthour=\count380
\currentminute=\count381
\currentsecond=\count382
Package datetime Info: No datetime.cfg file found, using default settings on in
put line 308.
\@dtctr=\count383
\dayofyear=\count384
\dayofweek=\count385
LaTeX Info: Redefining \today on input line 736.
\dt@a=\toks46
\dt@b=\toks47
)(load cache: extra_consolas.luc)(load cache: extra_consolas-bolditalic.luc)(loa
d cache: extra_consolas-bold.luc)(load cache: extra_consolas-italic.luc)

Package fontspec Info: 
(fontspec)             Font family 'Consolas(0)' created for font 'Consolas'
(fontspec)             with options
(fontspec)             [WordSpace={1,0,0},HyphenChar=None,PunctuationSpace=Word
Space].
(fontspec)              
(fontspec)              This font family consists of the following NFSS
(fontspec)             series/shapes:
(fontspec)              
(fontspec)             - 'normal' (m/n) with NFSS spec.:
(fontspec)             <->"name:Consolas:mode=node;script=latn;language=dflt;"
(fontspec)             - 'bold' (b/n) with NFSS spec.:
(fontspec)             <->"name:Consolas/B:mode=node;script=latn;language=dflt;
"
(fontspec)             - 'italic' (m/it) with NFSS spec.:
(fontspec)             <->"name:Consolas/I:mode=node;script=latn;language=dflt;
"
(fontspec)             - 'bold italic' (b/it) with NFSS spec.:
(fontspec)             <->"name:Consolas/BI:mode=node;script=latn;language=dflt
;"

 ("d:/Program Files/texlive/2025/texmf-dist/tex/latex/newtx/newtxtext.sty"
Package: newtxtext 2024/04/01 v1.744(Michael Sharpe) latex and unicode latex su
pport for TeXGyreTermesX

`newtxtext' v1.744, 2024/04/01 Text macros taking advantage of TeXGyre Termes a
nd its extensions (msharpe)
("d:/Program Files/texlive/2025/texmf-dist/tex/latex/xpatch/xpatch.sty"
Package: xpatch 2020/03/25 v0.3a Extending etoolbox patching commands
)
("d:/Program Files/texlive/2025/texmf-dist/tex/generic/xstring/xstring.sty"
("d:/Program Files/texlive/2025/texmf-dist/tex/generic/xstring/xstring.tex"
\xs_counta=\count386
\xs_countb=\count387
)
Package: xstring 2023/08/22 v1.86 String manipulations (CT)
)
("d:/Program Files/texlive/2025/texmf-dist/tex/latex/carlisle/scalefnt.sty")
LaTeX Font Info:    Setting ntxLF sub-encoding to TS1/0 on input line 24.
LaTeX Font Info:    Setting ntxTLF sub-encoding to TS1/0 on input line 24.
LaTeX Font Info:    Setting ntxOsF sub-encoding to TS1/0 on input line 24.
LaTeX Font Info:    Setting ntxTOsF sub-encoding to TS1/0 on input line 24.

("d:/Program Files/texlive/2025/texmf-dist/tex/generic/kastrup/binhex.tex")
\ntx@tmpcnta=\count388
\ntx@cnt=\count389
LaTeX Info: Redefining \oldstylenums on input line 611.
LaTeX Info: Redefining \liningnums on input line 615.
\tx@sixem=\dimen280
\tx@y=\dimen281
\tx@x=\dimen282
\tx@tmpdima=\dimen283
\tx@tmpdimb=\dimen284
\tx@tmpdimc=\dimen285
\tx@tmpdimd=\dimen286
\tx@tmpdime=\dimen287
\tx@tmpdimf=\dimen288
\tx@dimA=\dimen289
\tx@dimAA=\dimen290
\tx@dimB=\dimen291
\tx@dimBB=\dimen292
\tx@dimC=\dimen293
)
("d:/Program Files/texlive/2025/texmf-dist/tex/latex/newtx/newtxmath.sty"
Package: newtxmath 2024/09/22 v1.754

`newtxmath' v1.754, 2024/09/22 Math macros based originally on txfonts (msharpe
) ("d:/Program Files/texlive/2025/texmf-dist/tex/latex/amsmath/amsmath.sty"
Package: amsmath 2024/11/05 v2.17t AMS math features
\@mathmargin=\skip133

For additional information on amsmath, use the `?' option.
("d:/Program Files/texlive/2025/texmf-dist/tex/latex/amsmath/amstext.sty"
Package: amstext 2021/08/26 v2.01 AMS text
)
("d:/Program Files/texlive/2025/texmf-dist/tex/latex/amsmath/amsbsy.sty"
Package: amsbsy 1999/11/29 v1.2d Bold Symbols
\pmbraise@=\dimen294
)
("d:/Program Files/texlive/2025/texmf-dist/tex/latex/amsmath/amsopn.sty"
Package: amsopn 2022/04/08 v2.04 operator names
)
\inf@bad=\count390
LaTeX Info: Redefining \frac on input line 235.
\uproot@=\count391
\leftroot@=\count392
LaTeX Info: Redefining \overline on input line 398.
LaTeX Info: Redefining \colon on input line 409.
\classnum@=\count393
\DOTSCASE@=\count394
LaTeX Info: Redefining \ldots on input line 495.
LaTeX Info: Redefining \dots on input line 498.
LaTeX Info: Redefining \cdots on input line 619.
\Mathstrutbox@=\box85
\strutbox@=\box86
LaTeX Info: Redefining \big on input line 721.
LaTeX Info: Redefining \Big on input line 722.
LaTeX Info: Redefining \bigg on input line 723.
LaTeX Info: Redefining \Bigg on input line 724.
\big@size=\dimen295
LaTeX Font Info:    Redeclaring font encoding OML on input line 742.
LaTeX Font Info:    Redeclaring font encoding OMS on input line 743.
\macc@depth=\count395
LaTeX Info: Redefining \bmod on input line 904.
LaTeX Info: Redefining \pmod on input line 909.
LaTeX Info: Redefining \smash on input line 939.
LaTeX Info: Redefining \relbar on input line 969.
LaTeX Info: Redefining \Relbar on input line 970.
\c@MaxMatrixCols=\count396
\dotsspace@=\muskip17
\c@parentequation=\count397
\dspbrk@lvl=\count398
\tag@help=\toks48
\row@=\count399
\column@=\count400
\maxfields@=\count401
\andhelp@=\toks49
\eqnshift@=\dimen296
\alignsep@=\dimen297
\tagshift@=\dimen298
\tagwidth@=\dimen299
\totwidth@=\dimen300
\lineht@=\dimen301
\@envbody=\toks50
\multlinegap=\skip134
\multlinetaggap=\skip135
\mathdisplay@stack=\toks51
LaTeX Info: Redefining \[ on input line 2953.
LaTeX Info: Redefining \] on input line 2954.
)
\@LN@amsmath@ams@eqpen=\count402

("d:/Program Files/texlive/2025/texmf-dist/tex/latex/oberdiek/centernot.sty"
Package: centernot 2016/05/16 v1.4 Centers the not symbol horizontally (HO)
)
\tx@cntz=\count403

("d:/Program Files/texlive/2025/texmf-dist/tex/generic/kastrup/binhex.tex")
\tx@Isdigit=\count404
\tx@IsAlNum=\count405
\tx@tA=\toks52
\tx@tB=\toks53
\tx@su=\read3

amsthm NOT loaded
LaTeX Font Info:    Redeclaring symbol font `operators' on input line 402.
LaTeX Font Info:    Overwriting symbol font `operators' in version `normal'
(Font)                  OT1/cmr/m/n --> OT1/minntx/m/n on input line 402.
LaTeX Font Info:    Overwriting symbol font `operators' in version `bold'
(Font)                  OT1/cmr/bx/n --> OT1/minntx/m/n on input line 402.
LaTeX Font Info:    Overwriting symbol font `operators' in version `bold'
(Font)                  OT1/minntx/m/n --> OT1/minntx/b/n on input line 403.
LaTeX Font Info:    Redeclaring math alphabet \mathsf on input line 410.
LaTeX Font Info:    Overwriting math alphabet `\mathsf' in version `normal'
(Font)                  OT1/cmss/m/n --> OT1/lmss/m/n on input line 410.
LaTeX Font Info:    Overwriting math alphabet `\mathsf' in version `bold'
(Font)                  OT1/cmss/bx/n --> OT1/lmss/m/n on input line 410.
LaTeX Font Info:    Overwriting math alphabet `\mathsf' in version `bold'
(Font)                  OT1/lmss/m/n --> OT1/lmss/b/n on input line 412.
LaTeX Font Info:    Redeclaring math alphabet \mathit on input line 419.
LaTeX Font Info:    Overwriting math alphabet `\mathit' in version `normal'
(Font)                  OT1/cmr/m/it --> OT1/minntx/m/it on input line 419.
LaTeX Font Info:    Overwriting math alphabet `\mathit' in version `bold'
(Font)                  OT1/cmr/bx/it --> OT1/minntx/m/it on input line 419.
LaTeX Font Info:    Redeclaring math alphabet \mathtt on input line 420.
LaTeX Font Info:    Overwriting math alphabet `\mathtt' in version `normal'
(Font)                  OT1/cmtt/m/n --> TU/Consolas(0)/m/n on input line 420.
LaTeX Font Info:    Overwriting math alphabet `\mathtt' in version `bold'
(Font)                  OT1/cmtt/m/n --> TU/Consolas(0)/m/n on input line 420.
LaTeX Font Info:    Redeclaring math alphabet \mathbf on input line 422.
LaTeX Font Info:    Overwriting math alphabet `\mathbf' in version `normal'
(Font)                  OT1/cmr/bx/n --> OT1/minntx/b/n on input line 422.
LaTeX Font Info:    Overwriting math alphabet `\mathbf' in version `bold'
(Font)                  OT1/cmr/bx/n --> OT1/minntx/b/n on input line 422.
LaTeX Font Info:    Overwriting math alphabet `\mathit' in version `bold'
(Font)                  OT1/minntx/m/it --> OT1/minntx/b/it on input line 423.
LaTeX Font Info:    Overwriting math alphabet `\mathtt' in version `bold'
(Font)                  TU/Consolas(0)/m/n --> TU/Consolas(0)/b/n on input line
 426.
LaTeX Font Info:    Redeclaring symbol font `letters' on input line 534.
LaTeX Font Info:    Overwriting symbol font `letters' in version `normal'
(Font)                  OML/cmm/m/it --> OML/ntxmi/m/it on input line 534.
LaTeX Font Info:    Overwriting symbol font `letters' in version `bold'
(Font)                  OML/cmm/b/it --> OML/ntxmi/m/it on input line 534.
LaTeX Font Info:    Overwriting symbol font `letters' in version `bold'
(Font)                  OML/ntxmi/m/it --> OML/ntxmi/b/it on input line 535.
\symlettersA=\mathgroup5
LaTeX Font Info:    Overwriting symbol font `lettersA' in version `bold'
(Font)                  U/ntxmia/m/it --> U/ntxmia/b/it on input line 582.
LaTeX Font Info:    Redeclaring symbol font `symbols' on input line 604.
LaTeX Font Info:    Encoding `OMS' has changed to `LMS' for symbol font
(Font)              `symbols' in the math version `normal' on input line 604.
LaTeX Font Info:    Overwriting symbol font `symbols' in version `normal'
(Font)                  OMS/cmsy/m/n --> LMS/ntxsy/m/n on input line 604.
LaTeX Font Info:    Encoding `OMS' has changed to `LMS' for symbol font
(Font)              `symbols' in the math version `bold' on input line 604.
LaTeX Font Info:    Overwriting symbol font `symbols' in version `bold'
(Font)                  OMS/cmsy/b/n --> LMS/ntxsy/m/n on input line 604.
LaTeX Font Info:    Overwriting symbol font `symbols' in version `bold'
(Font)                  LMS/ntxsy/m/n --> LMS/ntxsy/b/n on input line 605.
\symAMSm=\mathgroup6
LaTeX Font Info:    Overwriting symbol font `AMSm' in version `bold'
(Font)                  U/ntxsym/m/n --> U/ntxsym/b/n on input line 630.
\symsymbolsC=\mathgroup7
LaTeX Font Info:    Overwriting symbol font `symbolsC' in version `bold'
(Font)                  U/ntxsyc/m/n --> U/ntxsyc/b/n on input line 651.
LaTeX Font Info:    Redeclaring symbol font `largesymbols' on input line 664.
LaTeX Font Info:    Encoding `OMX' has changed to `LMX' for symbol font
(Font)              `largesymbols' in the math version `normal' on input line 6
64.
LaTeX Font Info:    Overwriting symbol font `largesymbols' in version `normal'
(Font)                  OMX/cmex/m/n --> LMX/ntxexx/m/n on input line 664.
LaTeX Font Info:    Encoding `OMX' has changed to `LMX' for symbol font
(Font)              `largesymbols' in the math version `bold' on input line 664
.
LaTeX Font Info:    Overwriting symbol font `largesymbols' in version `bold'
(Font)                  OMX/cmex/m/n --> LMX/ntxexx/m/n on input line 664.
LaTeX Font Info:    Overwriting symbol font `largesymbols' in version `bold'
(Font)                  LMX/ntxexx/m/n --> LMX/ntxexx/b/n on input line 665.
\symlargesymbolsTXA=\mathgroup8
LaTeX Font Info:    Overwriting symbol font `largesymbolsTXA' in version `bold'

(Font)                  U/ntxexa/m/n --> U/ntxexa/b/n on input line 679.
\tx@sbptoks=\toks54
LaTeX Font Info:    Redeclaring math delimiter \lfloor on input line 902.
LaTeX Font Info:    Redeclaring math delimiter \rfloor on input line 903.
LaTeX Font Info:    Redeclaring math delimiter \lceil on input line 904.
LaTeX Font Info:    Redeclaring math delimiter \rceil on input line 905.
LaTeX Font Info:    Redeclaring math delimiter \lbrace on input line 910.
LaTeX Font Info:    Redeclaring math delimiter \rbrace on input line 911.
LaTeX Font Info:    Redeclaring math delimiter \langle on input line 913.
LaTeX Font Info:    Redeclaring math delimiter \rangle on input line 915.
LaTeX Font Info:    Redeclaring math delimiter \arrowvert on input line 919.
LaTeX Font Info:    Redeclaring math delimiter \vert on input line 920.
LaTeX Font Info:    Redeclaring math symbol \hbar on input line 966.
LaTeX Font Info:    Redeclaring math accent \dot on input line 991.
LaTeX Font Info:    Redeclaring math accent \ddot on input line 992.
LaTeX Font Info:    Redeclaring math accent \vec on input line 2057.
LaTeX Info: Redefining \Bbbk on input line 2847.
LaTeX Info: Redefining \not on input line 2995.
) ("d:/Program Files/texlive/2025/texmf-dist/tex/latex/tools/bm.sty"
Package: bm 2023/12/19 v1.2f Bold Symbol Support (DPC/FMi)
\symboldoperators=\mathgroup9
\symboldletters=\mathgroup10
\symboldsymbols=\mathgroup11
\symboldlargesymbols=\mathgroup12
LaTeX Font Info:    Redeclaring math alphabet \mathbf on input line 149.
)
("d:/Program Files/texlive/2025/texmf-dist/tex/latex/ragged2e/ragged2e.sty"
Package: ragged2e 2023/06/22 v3.6 ragged2e Package
\CenteringLeftskip=\skip136
\RaggedLeftLeftskip=\skip137
\RaggedRightLeftskip=\skip138
\CenteringRightskip=\skip139
\RaggedLeftRightskip=\skip140
\RaggedRightRightskip=\skip141
\CenteringParfillskip=\skip142
\RaggedLeftParfillskip=\skip143
\RaggedRightParfillskip=\skip144
\JustifyingParfillskip=\skip145
\CenteringParindent=\skip146
\RaggedLeftParindent=\skip147
\RaggedRightParindent=\skip148
\JustifyingParindent=\skip149
)
("d:/Program Files/texlive/2025/texmf-dist/tex/latex/placeins/placeins.sty"
Package: placeins 2005/04/18  v 2.2
)
("d:/Program Files/texlive/2025/texmf-dist/tex/latex/enumitem/enumitem.sty"
Package: enumitem 2025/02/06 v3.11 Customized lists
\enitkv@toks@=\toks55
\labelindent=\skip150
\enit@outerparindent=\dimen302
\enit@toks=\toks56
\enit@inbox=\box87
\enit@count@id=\count406
\enitdp@description=\count407
)
("d:/Program Files/texlive/2025/texmf-dist/tex/latex/footmisc/footmisc.sty"
Package: footmisc 2024/12/24 v6.0g a miscellany of footnote facilities
\FN@temptoken=\toks57
\footnotemargin=\dimen303
\@outputbox@depth=\dimen304

("d:/Program Files/texlive/2025/texmf-dist/tex/latex/bigfoot/perpage.sty"
Package: perpage 2014/10/25 2.0 Reset/sort counters per page
\c@abspage=\count408
)
\c@pp@a@footnote=\count409
Package footmisc Info: Declaring symbol style bringhurst on input line 699.
Package footmisc Info: Declaring symbol style chicago on input line 707.
Package footmisc Info: Declaring symbol style wiley on input line 716.
Package footmisc Info: Declaring symbol style lamport-robust on input line 727.

Package footmisc Info: Declaring symbol style lamport* on input line 747.
Package footmisc Info: Declaring symbol style lamport*-robust on input line 768
.
)

Class ctexbook Warning: Redefining CJKfamily `\CJKrmdefault' (SimSun).

(load cache: extra_adobesongstd-light.luc)

Package fontspec Info: 
(fontspec)             AdobeSongStd-Light scale = 1.


Package fontspec Info: 
(fontspec)             AdobeSongStd-Light scale = 1.

LaTeX Font Info:    Trying to load font information for TU+minntx on input line
 109.
LaTeX Font Info:    No file TUminntx.fd. on input line 109.

LaTeX Font Warning: Font shape `TU/minntx/m/n' undefined
(Font)              using `TU/lmr/m/n' instead on input line 109.


Package fontspec Info: 
(fontspec)             AdobeSongStd-Light scale = 1.


Package fontspec Info: 
(fontspec)             AdobeSongStd-Light scale = 1.


Package fontspec Info: 
(fontspec)             AdobeSongStd-Light scale = 1.


Package fontspec Info: 
(fontspec)             Font family 'AdobeSongStd-Light.otf(0)' created for
(fontspec)             font 'AdobeSongStd-Light.otf' with options [Ligatures =
(fontspec)             TeX,Scale = 1,Extension =
(fontspec)             .otf,SmallCapsFeatures={RawFeature =
(fontspec)             +pcap},Renderer=Basic,RawFeature=-ss05,NFSSEncoding=LTJY
3,JFM=zh_CN/quanjiao,Path={./fonts/},AutoFakeBold,AutoFakeSlant,LTJFONTUID=11].

(fontspec)              
(fontspec)              This font family consists of the following NFSS
(fontspec)             series/shapes:
(fontspec)              
(fontspec)             - 'normal' (m/n) with NFSS spec.:
(fontspec)             <->s*[1]"[./fonts/AdobeSongStd-Light.otf]:mode=base;scri
pt=latn;language=dflt;jfm=zh_CN/quanjiao;+tlig;-ss05;"
(fontspec)             - 'bold' (b/n) with NFSS spec.:
(fontspec)             <->s*[1]"[./fonts/AdobeSongStd-Light.otf]:mode=base;scri
pt=latn;language=dflt;jfm=zh_CN/quanjiao;embolden=1.5;+tlig;-ss05;"
(fontspec)             - 'italic' (m/it) with NFSS spec.:
(fontspec)             <->s*[1]"[./fonts/AdobeSongStd-Light.otf]:mode=base;scri
pt=latn;language=dflt;jfm=zh_CN/quanjiao;slant=0.2;+tlig;-ss05;"
(fontspec)             - 'bold italic' (b/it) with NFSS spec.:
(fontspec)             <->s*[1]"[./fonts/AdobeSongStd-Light.otf]:mode=base;scri
pt=latn;language=dflt;jfm=zh_CN/quanjiao;embolden=1.5;slant=0.2;+tlig;-ss05;"

LaTeX Font Info:    Font shape `LTJY3/AdobeSongStd-Light.otf(0)/m/n' will be
(Font)              scaled to size 12.045pt on input line 109.

Class ctexbook Warning: Redefining CJKfamily `\CJKsfdefault' (Microsoft
(ctexbook)              YaHei).


Class ctexbook Warning: Redefining CJKfamily `\CJKttdefault' (FangSong).


Class ctexbook Warning: Redefining CJKfamily `zhsong' (SimSun).


Class ctexbook Warning: Redefining CJKfamily `zhhei' (SimHei).


Class ctexbook Warning: Redefining CJKfamily `zhkai' (KaiTi).


Class ctexbook Warning: Redefining CJKfamily `zhfs' (FangSong).

("d:/Program Files/texlive/2025/texmf-dist/tex/latex/natbib/natbib.sty"
Package: natbib 2010/09/13 8.31b (PWD, AO)
\bibhang=\skip151
\bibsep=\skip152
LaTeX Info: Redefining \cite on input line 694.
\c@NAT@ctr=\count410
)
("d:/Program Files/texlive/2025/texmf-dist/tex/latex/gbt7714/gbt7714.sty"
Package: gbt7714 2022/10/03 v2.1.5 GB/T 7714 BibTeX Style

("d:/Program Files/texlive/2025/texmf-dist/tex/latex/url/url.sty"
\Urlmuskip=\muskip18
Package: url 2013/09/16  ver 3.4  Verb mode for urls, etc.
)))
("d:/Program Files/texlive/2025/texmf-dist/tex/latex/hyperref/hyperref.sty"
Package: hyperref 2024-11-05 v7.01l Hypertext links for LaTeX

("d:/Program Files/texlive/2025/texmf-dist/tex/generic/kvdefinekeys/kvdefinekey
s.sty"
Package: kvdefinekeys 2019-12-19 v1.6 Define keys (HO)
)
("d:/Program Files/texlive/2025/texmf-dist/tex/generic/pdfescape/pdfescape.sty"
Package: pdfescape 2019/12/09 v1.15 Implements pdfTeX's escape features (HO)
) ("d:/Program Files/texlive/2025/texmf-dist/tex/latex/hycolor/hycolor.sty"
Package: hycolor 2020-01-27 v1.10 Color options for hyperref/bookmark (HO)
)
("d:/Program Files/texlive/2025/texmf-dist/tex/latex/hyperref/nameref.sty"
Package: nameref 2023-11-26 v2.56 Cross-referencing by name of section

("d:/Program Files/texlive/2025/texmf-dist/tex/latex/refcount/refcount.sty"
Package: refcount 2019/12/15 v3.6 Data extraction from label references (HO)
)
("d:/Program Files/texlive/2025/texmf-dist/tex/generic/gettitlestring/gettitles
tring.sty"
Package: gettitlestring 2019/12/15 v1.6 Cleanup title references (HO)
)
\c@section@level=\count411
)
("d:/Program Files/texlive/2025/texmf-dist/tex/generic/stringenc/stringenc.sty"
Package: stringenc 2019/11/29 v1.12 Convert strings between diff. encodings (HO
)
)
\@linkdim=\dimen305
\Hy@linkcounter=\count412
\Hy@pagecounter=\count413
 ("d:/Program Files/texlive/2025/texmf-dist/tex/latex/hyperref/pd1enc.def"
File: pd1enc.def 2024-11-05 v7.01l Hyperref: PDFDocEncoding definition (HO)
)
("d:/Program Files/texlive/2025/texmf-dist/tex/generic/intcalc/intcalc.sty"
Package: intcalc 2019/12/15 v1.3 Expandable calculations with integers (HO)
)
\Hy@SavedSpaceFactor=\count414

("d:/Program Files/texlive/2025/texmf-dist/tex/latex/hyperref/puenc.def"
File: puenc.def 2024-11-05 v7.01l Hyperref: PDF Unicode definition (HO)
)
Package hyperref Info: Option `unicode' set `true' on input line 4040.
Package hyperref Info: Option `hyperfootnotes' set `true' on input line 4040.
Package hyperref Info: Hyper figures OFF on input line 4157.
Package hyperref Info: Link nesting OFF on input line 4162.
Package hyperref Info: Hyper index ON on input line 4165.
Package hyperref Info: Plain pages OFF on input line 4172.
Package hyperref Info: Backreferencing OFF on input line 4177.
Package hyperref Info: Implicit mode ON; LaTeX internals redefined.
Package hyperref Info: Bookmarks ON on input line 4424.
\c@Hy@tempcnt=\count415
LaTeX Info: Redefining \url on input line 4763.
\XeTeXLinkMargin=\dimen306

("d:/Program Files/texlive/2025/texmf-dist/tex/generic/bitset/bitset.sty"
Package: bitset 2019/12/09 v1.3 Handle bit-vector datatype (HO)

("d:/Program Files/texlive/2025/texmf-dist/tex/generic/bigintcalc/bigintcalc.st
y"
Package: bigintcalc 2019/12/15 v1.5 Expandable calculations on big integers (HO
)
))
\Fld@menulength=\count416
\Field@Width=\dimen307
\Fld@charsize=\dimen308
Package hyperref Info: Hyper figures OFF on input line 6042.
Package hyperref Info: Link nesting OFF on input line 6047.
Package hyperref Info: Hyper index ON on input line 6050.
Package hyperref Info: backreferencing OFF on input line 6057.
Package hyperref Info: Link coloring OFF on input line 6062.
Package hyperref Info: Link coloring with OCG OFF on input line 6067.
Package hyperref Info: PDF/A mode OFF on input line 6072.
 ("d:/Program Files/texlive/2025/texmf-dist/tex/latex/base/atbegshi-ltx.sty"
Package: atbegshi-ltx 2021/01/10 v1.0c Emulation of the original atbegshi
package with kernel methods
)
\Hy@abspage=\count417
\c@Item=\count418
\c@Hfootnote=\count419
)
Package hyperref Info: Driver (autodetected): hluatex.
 ("d:/Program Files/texlive/2025/texmf-dist/tex/latex/hyperref/hluatex.def"
File: hluatex.def 2024-11-05 v7.01l Hyperref driver for luaTeX

("d:/Program Files/texlive/2025/texmf-dist/tex/latex/base/atveryend-ltx.sty"
Package: atveryend-ltx 2020/08/19 v1.0a Emulation of the original atveryend pac
kage
with kernel methods
)
\Fld@listcount=\count420
\c@bookmark@seq@number=\count421

("d:/Program Files/texlive/2025/texmf-dist/tex/latex/rerunfilecheck/rerunfilech
eck.sty"
Package: rerunfilecheck 2022-07-10 v1.10 Rerun checks for auxiliary files (HO)

("d:/Program Files/texlive/2025/texmf-dist/tex/generic/uniquecounter/uniquecoun
ter.sty"
Package: uniquecounter 2019/12/15 v1.4 Provide unlimited unique counter (HO)
)
Package uniquecounter Info: New unique counter `rerunfilecheck' on input line 2
85.
)
\Hy@SectionHShift=\skip153
)
LaTeX Font Info:    Redeclaring symbol font `CJKmath' on input line 44.
LaTeX Font Info:    Overwriting symbol font `CJKmath' in version `normal'
(Font)                  LTJY3/song/m/n --> LTJY3/AdobeSongStd-Light.otf(0)/m/n 
on input line 44.
LaTeX Font Info:    Overwriting symbol font `CJKmath' in version `bold'
(Font)                  LTJY3/song/b/n --> LTJY3/AdobeSongStd-Light.otf(0)/m/n 
on input line 44.
LaTeX Font Info:    Overwriting symbol font `CJKmath' in version `bold'
(Font)                  LTJY3/AdobeSongStd-Light.otf(0)/m/n --> LTJY3/AdobeSong
Std-Light.otf(0)/b/n on input line 44.

("d:/Program Files/texlive/2025/texmf-dist/tex/latex/newtx/TeXGyreTermesX.fonts
pec")(load cache: extra_texgyretermesx-regular.luc)

Package fontspec Info: 
(fontspec)             TeXGyreTermesX-Regular scale = 1.


Package fontspec Info: 
(fontspec)             TeXGyreTermesX-Regular scale = 1.


Package fontspec Info: 
(fontspec)             TeXGyreTermesX-Regular scale = 1.

(load cache: extra_texgyretermesx-bold.luc)

Package fontspec Info: 
(fontspec)             TeXGyreTermesX-Bold scale = 1.


Package fontspec Info: 
(fontspec)             TeXGyreTermesX-Bold scale = 1.

(load cache: extra_texgyretermesx-italic.luc)

Package fontspec Info: 
(fontspec)             TeXGyreTermesX-Italic scale = 1.


Package fontspec Info: 
(fontspec)             TeXGyreTermesX-Italic scale = 1.

(load cache: extra_texgyretermesx-slanted.luc)

Package fontspec Info: 
(fontspec)             TeXGyreTermesX-Slanted scale = 1.


Package fontspec Info: 
(fontspec)             TeXGyreTermesX-Slanted scale = 1.

(load cache: extra_texgyretermesx-bolditalic.luc)

Package fontspec Info: 
(fontspec)             TeXGyreTermesX-BoldItalic scale = 1.


Package fontspec Info: 
(fontspec)             TeXGyreTermesX-BoldItalic scale = 1.

(load cache: extra_texgyretermesx-boldslanted.luc)

Package fontspec Info: 
(fontspec)             TeXGyreTermesX-BoldSlanted scale = 1.


Package fontspec Info: 
(fontspec)             TeXGyreTermesX-BoldSlanted scale = 1.


Package fontspec Info: 
(fontspec)             Font family 'TeXGyreTermesX(0)' created for font
(fontspec)             'TeXGyreTermesX' with options [Ligatures = TeX,Scale =
(fontspec)             1,Extension = .otf,SmallCapsFeatures={RawFeature =
(fontspec)             +pcap},Renderer=Basic,RawFeature=-ss05,Ligatures=TeX,Ext
ension
(fontspec)             = .otf,UprightFont = TeXGyreTermesX-Regular,BoldFont =
(fontspec)             TeXGyreTermesX-Bold,ItalicFont =
(fontspec)             TeXGyreTermesX-Italic,BoldItalicFont =
(fontspec)             TeXGyreTermesX-BoldItalic,SlantedFont =
(fontspec)             *-Slanted,BoldSlantedFont= *-BoldSlanted,Numbers =
(fontspec)             {Monospaced,Lining}].
(fontspec)              
(fontspec)              This font family consists of the following NFSS
(fontspec)             series/shapes:
(fontspec)              
(fontspec)             - 'normal' (m/n) with NFSS spec.:
(fontspec)             <->s*[1]"[TeXGyreTermesX-Regular.otf]:mode=base;script=l
atn;language=dflt;-ss05;+tlig;+tnum;+lnum;"
(fontspec)             - 'small caps'  (m/sc) with NFSS spec.:
(fontspec)             <->s*[1]"[TeXGyreTermesX-Regular.otf]:mode=base;script=l
atn;language=dflt;-ss05;+tlig;+tnum;+lnum;+smcp;+pcap;"
(fontspec)             - 'bold' (b/n) with NFSS spec.:
(fontspec)             <->s*[1]"[TeXGyreTermesX-Bold.otf]:mode=base;script=latn
;language=dflt;-ss05;+tlig;+tnum;+lnum;"
(fontspec)             - 'bold small caps'  (b/sc) with NFSS spec.:
(fontspec)             <->s*[1]"[TeXGyreTermesX-Bold.otf]:mode=base;script=latn
;language=dflt;-ss05;+tlig;+tnum;+lnum;+smcp;+pcap;"
(fontspec)             - 'italic' (m/it) with NFSS spec.:
(fontspec)             <->s*[1]"[TeXGyreTermesX-Italic.otf]:mode=base;script=la
tn;language=dflt;-ss05;+tlig;+tnum;+lnum;"
(fontspec)             - 'italic small caps'  (m/scit) with NFSS spec.:
(fontspec)             <->s*[1]"[TeXGyreTermesX-Italic.otf]:mode=base;script=la
tn;language=dflt;-ss05;+tlig;+tnum;+lnum;+smcp;+pcap;"
(fontspec)             - 'slanted' (m/sl) with NFSS spec.:
(fontspec)             <->s*[1]"[TeXGyreTermesX-Slanted.otf]:mode=base;script=l
atn;language=dflt;-ss05;+tlig;+tnum;+lnum;"
(fontspec)             - 'slanted small caps'  (m/scsl) with NFSS spec.:
(fontspec)             <->s*[1]"[TeXGyreTermesX-Slanted.otf]:mode=base;script=l
atn;language=dflt;-ss05;+tlig;+tnum;+lnum;+smcp;+pcap;"
(fontspec)             - 'bold italic' (b/it) with NFSS spec.:
(fontspec)             <->s*[1]"[TeXGyreTermesX-BoldItalic.otf]:mode=base;scrip
t=latn;language=dflt;-ss05;+tlig;+tnum;+lnum;"
(fontspec)             - 'bold italic small caps'  (b/scit) with NFSS spec.:
(fontspec)             <->s*[1]"[TeXGyreTermesX-BoldItalic.otf]:mode=base;scrip
t=latn;language=dflt;-ss05;+tlig;+tnum;+lnum;+smcp;+pcap;"
(fontspec)             - 'bold slanted' (b/sl) with NFSS spec.:
(fontspec)             <->s*[1]"[TeXGyreTermesX-BoldSlanted.otf]:mode=base;scri
pt=latn;language=dflt;-ss05;+tlig;+tnum;+lnum;"
(fontspec)             - 'bold slanted small caps'  (b/scsl) with NFSS spec.:
(fontspec)             <->s*[1]"[TeXGyreTermesX-BoldSlanted.otf]:mode=base;scri
pt=latn;language=dflt;-ss05;+tlig;+tnum;+lnum;+smcp;+pcap;"

LaTeX Font Info:    Font shape `TU/TeXGyreTermesX(0)/m/n' will be
(Font)              scaled to size 12.045pt on input line 44.
 (./main.aux)
\openout1 = main.aux

LaTeX Font Info:    Checking defaults for OML/ntxmi/m/it on input line 44.
LaTeX Font Info:    Trying to load font information for OML+ntxmi on input line
 44.

("d:/Program Files/texlive/2025/texmf-dist/tex/latex/newtx/omlntxmi.fd"
File: omlntxmi.fd 2015/08/25 Fontinst v1.933 font definitions for OML/ntxmi.
)
LaTeX Font Info:    ... okay on input line 44.
LaTeX Font Info:    Checking defaults for OMS/cmsy/m/n on input line 44.
LaTeX Font Info:    ... okay on input line 44.
LaTeX Font Info:    Checking defaults for OT1/cmr/m/n on input line 44.
LaTeX Font Info:    ... okay on input line 44.
LaTeX Font Info:    Checking defaults for T1/cmr/m/n on input line 44.
LaTeX Font Info:    ... okay on input line 44.
LaTeX Font Info:    Checking defaults for TS1/cmr/m/n on input line 44.
LaTeX Font Info:    ... okay on input line 44.
LaTeX Font Info:    Checking defaults for TU/lmr/m/n on input line 44.
LaTeX Font Info:    ... okay on input line 44.
LaTeX Font Info:    Checking defaults for OMX/cmex/m/n on input line 44.
LaTeX Font Info:    ... okay on input line 44.
LaTeX Font Info:    Checking defaults for U/ntxexa/m/n on input line 44.
LaTeX Font Info:    Trying to load font information for U+ntxexa on input line 
44.

("d:/Program Files/texlive/2025/texmf-dist/tex/latex/newtx/untxexa.fd"
File: untxexa.fd 2012/04/16 Fontinst v1.933 font definitions for U/ntxexa.
)
LaTeX Font Info:    ... okay on input line 44.
LaTeX Font Info:    Checking defaults for LTJY3/song/m/n on input line 44.
LaTeX Font Info:    ... okay on input line 44.
LaTeX Font Info:    Checking defaults for LMS/ntxsy/m/n on input line 44.
LaTeX Font Info:    Trying to load font information for LMS+ntxsy on input line
 44.

("d:/Program Files/texlive/2025/texmf-dist/tex/latex/newtx/lmsntxsy.fd"
File: lmsntxsy.fd 2016/07/02 Fontinst v1.933 font definitions for LMS/ntxsy.
)
LaTeX Font Info:    ... okay on input line 44.
LaTeX Font Info:    Checking defaults for LMX/ntxexx/m/n on input line 44.
LaTeX Font Info:    Trying to load font information for LMX+ntxexx on input lin
e 44.

("d:/Program Files/texlive/2025/texmf-dist/tex/latex/newtx/lmxntxexx.fd"
File: lmxntxexx.fd 2016/07/03 Fontinst v1.933 font definitions for LMX/ntxexx.
)
LaTeX Font Info:    ... okay on input line 44.
LaTeX Font Info:    Checking defaults for PD1/pdf/m/n on input line 44.
LaTeX Font Info:    ... okay on input line 44.
LaTeX Font Info:    Checking defaults for PU/pdf/m/n on input line 44.
LaTeX Font Info:    ... okay on input line 44.

*geometry* driver: auto-detecting
*geometry* detected driver: luatex
*geometry* verbose mode - [ preamble ] result:
* driver: luatex
* paper: <default>
* layout: <same size as paper>
* layoutoffset:(h,v)=(0.0pt,0.0pt)
* modes: twoside 
* h-part:(L,W,R)=(71.13188pt, 455.24411pt, 71.13188pt)
* v-part:(T,H,B)=(71.13188pt, 702.78308pt, 71.13188pt)
* \paperwidth=597.50787pt
* \paperheight=845.04684pt
* \textwidth=455.24411pt
* \textheight=702.78308pt
* \oddsidemargin=-1.1381pt
* \evensidemargin=-1.1381pt
* \topmargin=-28.45274pt
* \headheight=12.0pt
* \headsep=19.8738pt
* \topskip=12.0pt
* \footskip=30.0pt
* \marginparwidth=88.0pt
* \marginparsep=7.0pt
* \columnsep=10.0pt
* \skip\footins=10.8pt plus 4.0pt minus 2.0pt
* \hoffset=0.0pt
* \voffset=0.0pt
* \mag=1000
* \@twocolumnfalse
* \@twosidetrue
* \@mparswitchtrue
* \@reversemarginfalse
* (1in=72.27pt=25.4mm, 1cm=28.453pt)

("d:/Program Files/texlive/2025/texmf-dist/tex/context/base/mkii/supp-pdf.mkii"
[Loading MPS to PDF converter (version 2006.09.02).]
\scratchcounter=\count422
\scratchdimen=\dimen309
\scratchbox=\box88
\nofMPsegments=\count423
\nofMParguments=\count424
\everyMPshowfont=\toks58
\MPscratchCnt=\count425
\MPscratchDim=\dimen310
\MPnumerator=\count426
\makeMPintoPDFobject=\count427
\everyMPtoPDFconversion=\toks59
)
("d:/Program Files/texlive/2025/texmf-dist/tex/latex/epstopdf-pkg/epstopdf-base
.sty"
Package: epstopdf-base 2020-01-24 v2.11 Base part for package epstopdf
Package epstopdf-base Info: Redefining graphics rule for `.eps' on input line 4
85.

("d:/Program Files/texlive/2025/texmf-dist/tex/latex/latexconfig/epstopdf-sys.c
fg"
File: epstopdf-sys.cfg 2010/07/13 v1.3 Configuration of (r)epstopdf for TeX Liv
e
))
\symgns@font=\mathgroup13
LaTeX Font Info:    Overwriting symbol font `gns@font' in version `bold'
(Font)                  TS1/TeXGyreTermesX(0)/m/n --> TS1/TeXGyreTermesX(0)/b/n
 on input line 44.
Package gensymb Info: Math companion symbols declared on input line 44.
LaTeX Info: Redefining \degree on input line 44.
LaTeX Info: Redefining \celsius on input line 44.
Package gensymb Info: Using text companion symbols for \degree, \celsius and \p
erthousand on input line 44.
LaTeX Info: Redefining \ohm on input line 44.
Package gensymb Info: Using \textohm for \ohm on input line 44.
Package gensymb Info: Using \textmu for \micro on input line 44.
Package caption Info: Begin \AtBeginDocument code.
Package caption Info: hyperref package is loaded.
Package caption Info: listings package is loaded.
Package caption Info: End \AtBeginDocument code.
\c@lstlisting=\count428
Package tocbasic Info: omitting babel extension for `lol'
(tocbasic)             because of missing \bbl@set@language on input line 44.

("d:/Program Files/texlive/2025/texmf-dist/tex/latex/fmtcount/fc-english.def"
File: fc-english.def 2016/01/12
)
LaTeX Info: Command `\dddot' is already robust on input line 44.
LaTeX Info: Command `\ddddot' is already robust on input line 44.
Package hyperref Info: Option `CJKbookmarks' set `true' on input line 44.
Package hyperref Info: Link coloring OFF on input line 44.

(./main.out) (./main.out)
\@outlinefile=\write5

\openout5 = main.out
<title.png, id=104, 341.02406pt x 232.61906pt>
File: title.png Graphic file (type png)
<use title.png>
Package luatex.def Info: title.png  used on input line 48.
(luatex.def)             Requested size: 281.56686pt x 192.05609pt.
LaTeX Font Info:    Font shape `TU/TeXGyreTermesX(0)/m/n' will be
(Font)              scaled to size 26.09749pt on input line 48.
LaTeX Font Info:    Font shape `LTJY3/AdobeSongStd-Light.otf(0)/m/n' will be
(Font)              scaled to size 26.09749pt on input line 48.

Package fontspec Info: 
(fontspec)             AdobeSongStd-Light scale = 1.


Package fontspec Info: 
(fontspec)             AdobeSongStd-Light scale = 1.

(load cache: extra_adobeheitistd-regular.luc)

Package fontspec Info: 
(fontspec)             AdobeHeitiStd-Regular scale = 1.

(load cache: extra_adobekaitistd-regular.luc)

Package fontspec Info: 
(fontspec)             AdobeKaitiStd-Regular scale = 1.


Package fontspec Info: 
(fontspec)             Font family 'AdobeSongStd-Light.otf(1)' created for
(fontspec)             font 'AdobeSongStd-Light.otf' with options [Ligatures =
(fontspec)             TeX,Scale = 1,Extension =
(fontspec)             .otf,SmallCapsFeatures={RawFeature =
(fontspec)             +pcap},Renderer=Basic,RawFeature=-ss05,NFSSEncoding=LTJY
3,JFM=zh_CN/quanjiao,Path={./fonts/},BoldFont={AdobeHeitiStd-Regular.otf},Itali
cFont={AdobeKaitiStd-Regular.otf},LTJFONTUID=14].
(fontspec)              
(fontspec)              This font family consists of the following NFSS
(fontspec)             series/shapes:
(fontspec)              
(fontspec)             - 'normal' (m/n) with NFSS spec.:
(fontspec)             <->s*[1]"[./fonts/AdobeSongStd-Light.otf]:mode=base;scri
pt=latn;language=dflt;jfm=zh_CN/quanjiao;+tlig;-ss05;"
(fontspec)             - 'bold' (b/n) with NFSS spec.:
(fontspec)             <->s*[1]"[./fonts/AdobeHeitiStd-Regular.otf]:mode=base;s
cript=latn;language=dflt;jfm=zh_CN/quanjiao;+tlig;-ss05;"
(fontspec)             - 'italic' (m/it) with NFSS spec.:
(fontspec)             <->s*[1]"[./fonts/AdobeKaitiStd-Regular.otf]:mode=base;s
cript=latn;language=dflt;jfm=zh_CN/quanjiao;+tlig;-ss05;"

LaTeX Font Info:    Font shape `LTJY3/AdobeSongStd-Light.otf(1)/m/n' will be
(Font)              scaled to size 26.09749pt on input line 48.
LaTeX Font Info:    Font shape `TU/TeXGyreTermesX(0)/b/n' will be
(Font)              scaled to size 26.09749pt on input line 48.
LaTeX Font Info:    Font shape `LTJY3/AdobeSongStd-Light.otf(1)/b/n' will be
(Font)              scaled to size 26.09749pt on input line 48.
LaTeX Font Info:    Font shape `TU/TeXGyreTermesX(0)/m/n' will be
(Font)              scaled to size 16.06pt on input line 48.
LaTeX Font Info:    Font shape `LTJY3/AdobeSongStd-Light.otf(1)/m/n' will be
(Font)              scaled to size 16.06pt on input line 48.
LaTeX Font Info:    Font shape `TU/TeXGyreTermesX(0)/m/n' will be
(Font)              scaled to size 18.06749pt on input line 48.
LaTeX Font Info:    Font shape `LTJY3/AdobeSongStd-Light.otf(0)/m/n' will be
(Font)              scaled to size 18.06749pt on input line 48.
LaTeX Font Info:    Trying to load font information for OT1+minntx on input lin
e 48.

("d:/Program Files/texlive/2025/texmf-dist/tex/latex/newtx/ot1minntx.fd"
File: ot1minntx.fd 2023/09/09 v1.1 font definition file for OT1/minntx
)
LaTeX Font Info:    Font shape `OT1/minntx/m/n' will be
(Font)              scaled to size 18.06749pt on input line 48.
LaTeX Font Info:    Font shape `OT1/minntx/m/n' will be
(Font)              scaled to size 15.05624pt on input line 48.
LaTeX Font Info:    Font shape `OT1/minntx/m/n' will be
(Font)              scaled to size 12.045pt on input line 48.
LaTeX Font Info:    Font shape `OML/ntxmi/m/it' will be
(Font)              scaled to size 18.06749pt on input line 48.
LaTeX Font Info:    Font shape `OML/ntxmi/m/it' will be
(Font)              scaled to size 15.05624pt on input line 48.
LaTeX Font Info:    Font shape `OML/ntxmi/m/it' will be
(Font)              scaled to size 12.045pt on input line 48.
LaTeX Font Info:    Font shape `LMS/ntxsy/m/n' will be
(Font)              scaled to size 18.06749pt on input line 48.
LaTeX Font Info:    Font shape `LMS/ntxsy/m/n' will be
(Font)              scaled to size 15.05624pt on input line 48.
LaTeX Font Info:    Font shape `LMS/ntxsy/m/n' will be
(Font)              scaled to size 12.045pt on input line 48.
LaTeX Font Info:    Font shape `LMX/ntxexx/m/n' will be
(Font)              scaled to size 18.06749pt on input line 48.
LaTeX Font Info:    Font shape `LMX/ntxexx/m/n' will be
(Font)              scaled to size 15.05624pt on input line 48.
LaTeX Font Info:    Font shape `LMX/ntxexx/m/n' will be
(Font)              scaled to size 12.045pt on input line 48.
LaTeX Font Info:    Font shape `LTJY3/AdobeSongStd-Light.otf(0)/m/n' will be
(Font)              scaled to size 15.05624pt on input line 48.
LaTeX Font Info:    Trying to load font information for U+ntxmia on input line 
48.

("d:/Program Files/texlive/2025/texmf-dist/tex/latex/newtx/untxmia.fd"
File: untxmia.fd 2024/04/09 Fontinst v1.933 font definitions for U/ntxmia.
)
LaTeX Font Info:    Font shape `U/ntxmia/m/it' will be
(Font)              scaled to size 18.06749pt on input line 48.
LaTeX Font Info:    Font shape `U/ntxmia/m/it' will be
(Font)              scaled to size 15.05624pt on input line 48.
LaTeX Font Info:    Font shape `U/ntxmia/m/it' will be
(Font)              scaled to size 12.045pt on input line 48.
LaTeX Font Info:    Trying to load font information for U+ntxsym on input line 
48.

("d:/Program Files/texlive/2025/texmf-dist/tex/latex/newtx/untxsym.fd"
File: untxsym.fd 2023/08/16 Fontinst v1.933 font definitions for U/ntxsym.
)
LaTeX Font Info:    Font shape `U/ntxsym/m/n' will be
(Font)              scaled to size 18.06749pt on input line 48.
LaTeX Font Info:    Font shape `U/ntxsym/m/n' will be
(Font)              scaled to size 15.05624pt on input line 48.
LaTeX Font Info:    Font shape `U/ntxsym/m/n' will be
(Font)              scaled to size 12.045pt on input line 48.
LaTeX Font Info:    Trying to load font information for U+ntxsyc on input line 
48.

("d:/Program Files/texlive/2025/texmf-dist/tex/latex/newtx/untxsyc.fd"
File: untxsyc.fd 2012/04/12 Fontinst v1.933 font definitions for U/ntxsyc.
)
LaTeX Font Info:    Font shape `U/ntxsyc/m/n' will be
(Font)              scaled to size 18.06749pt on input line 48.
LaTeX Font Info:    Font shape `U/ntxsyc/m/n' will be
(Font)              scaled to size 15.05624pt on input line 48.
LaTeX Font Info:    Font shape `U/ntxsyc/m/n' will be
(Font)              scaled to size 12.045pt on input line 48.
LaTeX Font Info:    Font shape `U/ntxexa/m/n' will be
(Font)              scaled to size 18.06749pt on input line 48.
LaTeX Font Info:    Font shape `U/ntxexa/m/n' will be
(Font)              scaled to size 15.05624pt on input line 48.
LaTeX Font Info:    Font shape `U/ntxexa/m/n' will be
(Font)              scaled to size 12.045pt on input line 48.
LaTeX Font Info:    Font shape `OT1/minntx/b/n' will be
(Font)              scaled to size 18.06749pt on input line 48.
LaTeX Font Info:    Font shape `OT1/minntx/b/n' will be
(Font)              scaled to size 15.05624pt on input line 48.
LaTeX Font Info:    Font shape `OT1/minntx/b/n' will be
(Font)              scaled to size 12.045pt on input line 48.
LaTeX Font Info:    Font shape `OML/ntxmi/b/it' will be
(Font)              scaled to size 18.06749pt on input line 48.
LaTeX Font Info:    Font shape `OML/ntxmi/b/it' will be
(Font)              scaled to size 15.05624pt on input line 48.
LaTeX Font Info:    Font shape `OML/ntxmi/b/it' will be
(Font)              scaled to size 12.045pt on input line 48.
LaTeX Font Info:    Font shape `LMS/ntxsy/b/n' will be
(Font)              scaled to size 18.06749pt on input line 48.
LaTeX Font Info:    Font shape `LMS/ntxsy/b/n' will be
(Font)              scaled to size 15.05624pt on input line 48.
LaTeX Font Info:    Font shape `LMS/ntxsy/b/n' will be
(Font)              scaled to size 12.045pt on input line 48.
LaTeX Font Info:    Font shape `LMX/ntxexx/b/n' will be
(Font)              scaled to size 18.06749pt on input line 48.
LaTeX Font Info:    Font shape `LMX/ntxexx/b/n' will be
(Font)              scaled to size 15.05624pt on input line 48.
LaTeX Font Info:    Font shape `LMX/ntxexx/b/n' will be
(Font)              scaled to size 12.045pt on input line 48.
LaTeX Font Info:    Trying to load font information for TS1+TeXGyreTermesX(0) o
n input line 48.
LaTeX Font Info:    No file TS1TeXGyreTermesX(0).fd. on input line 48.


LaTeX Font Warning: Font shape `TS1/TeXGyreTermesX(0)/m/n' undefined
(Font)              using `TS1/cmr/m/n' instead on input line 48.



[1




{d:/Program Files/texlive/2025/texmf-var/fonts/map/pdftex/updmap/pdftex.map}<./t
itle.png>]
LaTeX Font Info:    Font shape `TU/TeXGyreTermesX(0)/m/n' will be
(Font)              scaled to size 22.08249pt on input line 51.
LaTeX Font Info:    Font shape `LTJY3/AdobeSongStd-Light.otf(0)/m/n' will be
(Font)              scaled to size 22.08249pt on input line 51.

Package fontspec Info: 
(fontspec)             AdobeHeitiStd-Regular scale = 1.


Package fontspec Info: 
(fontspec)             AdobeHeitiStd-Regular scale = 1.


Package fontspec Info: 
(fontspec)             AdobeHeitiStd-Regular scale = 1.


Package fontspec Info: 
(fontspec)             AdobeHeitiStd-Regular scale = 1.


Package fontspec Info: 
(fontspec)             AdobeHeitiStd-Regular scale = 1.


Package fontspec Info: 
(fontspec)             Font family 'AdobeHeitiStd-Regular.otf(0)' created for
(fontspec)             font 'AdobeHeitiStd-Regular.otf' with options
(fontspec)             [Ligatures = TeX,Scale = 1,Extension =
(fontspec)             .otf,SmallCapsFeatures={RawFeature =
(fontspec)             +pcap},Renderer=Basic,RawFeature=-ss05,NFSSEncoding=LTJY
3,JFM=zh_CN/quanjiao,Path={./fonts/},AutoFakeBold,AutoFakeSlant,LTJFONTUID=15].

(fontspec)              
(fontspec)              This font family consists of the following NFSS
(fontspec)             series/shapes:
(fontspec)              
(fontspec)             - 'normal' (m/n) with NFSS spec.:
(fontspec)             <->s*[1]"[./fonts/AdobeHeitiStd-Regular.otf]:mode=base;s
cript=latn;language=dflt;jfm=zh_CN/quanjiao;+tlig;-ss05;"
(fontspec)             - 'bold' (b/n) with NFSS spec.:
(fontspec)             <->s*[1]"[./fonts/AdobeHeitiStd-Regular.otf]:mode=base;s
cript=latn;language=dflt;jfm=zh_CN/quanjiao;embolden=1.5;+tlig;-ss05;"
(fontspec)             - 'italic' (m/it) with NFSS spec.:
(fontspec)             <->s*[1]"[./fonts/AdobeHeitiStd-Regular.otf]:mode=base;s
cript=latn;language=dflt;jfm=zh_CN/quanjiao;slant=0.2;+tlig;-ss05;"
(fontspec)             - 'bold italic' (b/it) with NFSS spec.:
(fontspec)             <->s*[1]"[./fonts/AdobeHeitiStd-Regular.otf]:mode=base;s
cript=latn;language=dflt;jfm=zh_CN/quanjiao;embolden=1.5;slant=0.2;+tlig;-ss05;
"

LaTeX Font Info:    Font shape `LTJY3/AdobeHeitiStd-Regular.otf(0)/m/n' will be

(Font)              scaled to size 22.08249pt on input line 51.
LaTeX Font Info:    Font shape `TU/TeXGyreTermesX(0)/m/n' will be
(Font)              scaled to size 14.05249pt on input line 51.
LaTeX Font Info:    Font shape `LTJY3/AdobeSongStd-Light.otf(0)/m/n' will be
(Font)              scaled to size 14.05249pt on input line 51.
LaTeX Font Info:    Font shape `LTJY3/AdobeSongStd-Light.otf(1)/m/n' will be
(Font)              scaled to size 14.05249pt on input line 51.
LaTeX Font Info:    Font shape `OT1/minntx/m/n' will be
(Font)              scaled to size 14.05249pt on input line 51.
LaTeX Font Info:    Font shape `OT1/minntx/m/n' will be
(Font)              scaled to size 10.53937pt on input line 51.
LaTeX Font Info:    Font shape `OT1/minntx/m/n' will be
(Font)              scaled to size 7.52812pt on input line 51.
LaTeX Font Info:    Font shape `OML/ntxmi/m/it' will be
(Font)              scaled to size 14.05249pt on input line 51.
LaTeX Font Info:    Font shape `OML/ntxmi/m/it' will be
(Font)              scaled to size 10.53937pt on input line 51.
LaTeX Font Info:    Font shape `OML/ntxmi/m/it' will be
(Font)              scaled to size 7.52812pt on input line 51.
LaTeX Font Info:    Font shape `LMS/ntxsy/m/n' will be
(Font)              scaled to size 14.05249pt on input line 51.
LaTeX Font Info:    Font shape `LMS/ntxsy/m/n' will be
(Font)              scaled to size 10.53937pt on input line 51.
LaTeX Font Info:    Font shape `LMS/ntxsy/m/n' will be
(Font)              scaled to size 7.52812pt on input line 51.
LaTeX Font Info:    Font shape `LMX/ntxexx/m/n' will be
(Font)              scaled to size 14.05249pt on input line 51.
LaTeX Font Info:    Font shape `LMX/ntxexx/m/n' will be
(Font)              scaled to size 10.53937pt on input line 51.
LaTeX Font Info:    Font shape `LMX/ntxexx/m/n' will be
(Font)              scaled to size 7.52812pt on input line 51.
LaTeX Font Info:    Font shape `LTJY3/AdobeSongStd-Light.otf(0)/m/n' will be
(Font)              scaled to size 10.53937pt on input line 51.
LaTeX Font Info:    Font shape `LTJY3/AdobeSongStd-Light.otf(0)/m/n' will be
(Font)              scaled to size 7.52812pt on input line 51.
LaTeX Font Info:    Font shape `U/ntxmia/m/it' will be
(Font)              scaled to size 14.05249pt on input line 51.
LaTeX Font Info:    Font shape `U/ntxmia/m/it' will be
(Font)              scaled to size 10.53937pt on input line 51.
LaTeX Font Info:    Font shape `U/ntxmia/m/it' will be
(Font)              scaled to size 7.52812pt on input line 51.
LaTeX Font Info:    Font shape `U/ntxsym/m/n' will be
(Font)              scaled to size 14.05249pt on input line 51.
LaTeX Font Info:    Font shape `U/ntxsym/m/n' will be
(Font)              scaled to size 10.53937pt on input line 51.
LaTeX Font Info:    Font shape `U/ntxsym/m/n' will be
(Font)              scaled to size 7.52812pt on input line 51.
LaTeX Font Info:    Font shape `U/ntxsyc/m/n' will be
(Font)              scaled to size 14.05249pt on input line 51.
LaTeX Font Info:    Font shape `U/ntxsyc/m/n' will be
(Font)              scaled to size 10.53937pt on input line 51.
LaTeX Font Info:    Font shape `U/ntxsyc/m/n' will be
(Font)              scaled to size 7.52812pt on input line 51.
LaTeX Font Info:    Font shape `U/ntxexa/m/n' will be
(Font)              scaled to size 14.05249pt on input line 51.
LaTeX Font Info:    Font shape `U/ntxexa/m/n' will be
(Font)              scaled to size 10.53937pt on input line 51.
LaTeX Font Info:    Font shape `U/ntxexa/m/n' will be
(Font)              scaled to size 7.52812pt on input line 51.
LaTeX Font Info:    Font shape `OT1/minntx/b/n' will be
(Font)              scaled to size 14.05249pt on input line 51.
LaTeX Font Info:    Font shape `OT1/minntx/b/n' will be
(Font)              scaled to size 10.53937pt on input line 51.
LaTeX Font Info:    Font shape `OT1/minntx/b/n' will be
(Font)              scaled to size 7.52812pt on input line 51.
LaTeX Font Info:    Font shape `OML/ntxmi/b/it' will be
(Font)              scaled to size 14.05249pt on input line 51.
LaTeX Font Info:    Font shape `OML/ntxmi/b/it' will be
(Font)              scaled to size 10.53937pt on input line 51.
LaTeX Font Info:    Font shape `OML/ntxmi/b/it' will be
(Font)              scaled to size 7.52812pt on input line 51.
LaTeX Font Info:    Font shape `LMS/ntxsy/b/n' will be
(Font)              scaled to size 14.05249pt on input line 51.
LaTeX Font Info:    Font shape `LMS/ntxsy/b/n' will be
(Font)              scaled to size 10.53937pt on input line 51.
LaTeX Font Info:    Font shape `LMS/ntxsy/b/n' will be
(Font)              scaled to size 7.52812pt on input line 51.
LaTeX Font Info:    Font shape `LMX/ntxexx/b/n' will be
(Font)              scaled to size 14.05249pt on input line 51.
LaTeX Font Info:    Font shape `LMX/ntxexx/b/n' will be
(Font)              scaled to size 10.53937pt on input line 51.
LaTeX Font Info:    Font shape `LMX/ntxexx/b/n' will be
(Font)              scaled to size 7.52812pt on input line 51.

Overfull \hbox (8.20267pt too wide) in paragraph at lines 51--51
[]|\LTJY3/AdobeSongStd-Light.otf(1)/m/n/14.05249 本 |人 |郑 |重 |地 |承 |
诺 |所 |呈 |交 |的 |毕 |业 |设 |计 [] |论 |文 [] [] |是 |在 |指 |
导 |教 |师 $[]$
 []



[2


]
LaTeX Font Info:    Font shape `LTJY3/AdobeSongStd-Light.otf(1)/m/n' will be
(Font)              scaled to size 18.06749pt on input line 52.
LaTeX Font Info:    Font shape `LTJY3/AdobeHeitiStd-Regular.otf(0)/m/n' will be

(Font)              scaled to size 18.06749pt on input line 52.
 (./main.toc
LaTeX Font Info:    Font shape `TU/TeXGyreTermesX(0)/b/n' will be
(Font)              scaled to size 14.05249pt on input line 1.
LaTeX Font Info:    Font shape `LTJY3/AdobeSongStd-Light.otf(1)/b/n' will be
(Font)              scaled to size 14.05249pt on input line 1.
LaTeX Font Info:    Font shape `LTJY3/AdobeSongStd-Light.otf(1)/m/n' will be
(Font)              scaled to size 12.045pt on input line 6.
LaTeX Font Info:    Font shape `TU/TeXGyreTermesX(0)/b/n' will be
(Font)              scaled to size 10.53937pt on input line 11.
LaTeX Font Info:    Font shape `LTJY3/AdobeSongStd-Light.otf(1)/b/n' will be
(Font)              scaled to size 10.53937pt on input line 11.


LaTeX Font Info:    Font shape `TU/TeXGyreTermesX(0)/m/n' will be
(Font)              scaled to size 10.53937pt on input line 27.
[1

])
\tf@toc=\write6

\openout6 = main.toc


[2]
LaTeX Font Info:    Font shape `TU/TeXGyreTermesX(0)/b/n' will be
(Font)              scaled to size 18.06749pt on input line 54.
LaTeX Font Info:    Font shape `LTJY3/AdobeSongStd-Light.otf(0)/b/n' will be
(Font)              scaled to size 18.06749pt on input line 54.
LaTeX Font Info:    Font shape `LTJY3/AdobeSongStd-Light.otf(0)/b/n' will be
(Font)              scaled to size 14.05249pt on input line 54.
LaTeX Font Info:    Font shape `LTJY3/AdobeHeitiStd-Regular.otf(0)/b/n' will be

(Font)              scaled to size 14.05249pt on input line 54.
LaTeX Font Info:    Font shape `LTJY3/AdobeHeitiStd-Regular.otf(0)/b/n' will be

(Font)              scaled to size 18.06749pt on input line 54.
LaTeX Font Info:    Font shape `LTJY3/AdobeHeitiStd-Regular.otf(0)/m/n' will be

(Font)              scaled to size 12.045pt on input line 54.



warning  (pdf backend): ignoring duplicate destination with the name 'page.I'
[1]
LaTeX Font Info:    Font shape `TU/TeXGyreTermesX(0)/b/n' will be
(Font)              scaled to size 12.045pt on input line 54.
LaTeX Font Info:    Font shape `LTJY3/AdobeSongStd-Light.otf(0)/b/n' will be
(Font)              scaled to size 12.045pt on input line 54.



warning  (pdf backend): ignoring duplicate destination with the name 'page.II'
[2

]
1
LaTeX Font Info:    Font shape `TU/TeXGyreTermesX(0)/b/n' will be
(Font)              scaled to size 22.08249pt on input line 60.
LaTeX Font Info:    Font shape `LTJY3/AdobeHeitiStd-Regular.otf(0)/b/n' will be

(Font)              scaled to size 22.08249pt on input line 60.
LaTeX Font Info:    Font shape `TU/TeXGyreTermesX(0)/m/n' will be
(Font)              scaled to size 15.05624pt on input line 62.
LaTeX Font Info:    Font shape `LTJY3/AdobeHeitiStd-Regular.otf(0)/m/n' will be

(Font)              scaled to size 15.05624pt on input line 62.
LaTeX Font Info:    Font shape `LTJY3/AdobeHeitiStd-Regular.otf(0)/m/n' will be

(Font)              scaled to size 14.05249pt on input line 63.
LaTeX Font Info:    Font shape `OT1/minntx/m/n' will be
(Font)              scaled to size 8.0pt on input line 64.
LaTeX Font Info:    Font shape `OT1/minntx/m/n' will be
(Font)              scaled to size 6.0pt on input line 64.
LaTeX Font Info:    Font shape `OML/ntxmi/m/it' will be
(Font)              scaled to size 8.0pt on input line 64.
LaTeX Font Info:    Font shape `OML/ntxmi/m/it' will be
(Font)              scaled to size 6.0pt on input line 64.
LaTeX Font Info:    Font shape `LMS/ntxsy/m/n' will be
(Font)              scaled to size 8.0pt on input line 64.
LaTeX Font Info:    Font shape `LMS/ntxsy/m/n' will be
(Font)              scaled to size 6.0pt on input line 64.
LaTeX Font Info:    Font shape `LMX/ntxexx/m/n' will be
(Font)              scaled to size 8.0pt on input line 64.
LaTeX Font Info:    Font shape `LMX/ntxexx/m/n' will be
(Font)              scaled to size 6.0pt on input line 64.
LaTeX Font Info:    Font shape `LTJY3/AdobeSongStd-Light.otf(0)/m/n' will be
(Font)              scaled to size 8.0pt on input line 64.
LaTeX Font Info:    Font shape `LTJY3/AdobeSongStd-Light.otf(0)/m/n' will be
(Font)              scaled to size 6.0pt on input line 64.
LaTeX Font Info:    Font shape `U/ntxmia/m/it' will be
(Font)              scaled to size 8.0pt on input line 64.
LaTeX Font Info:    Font shape `U/ntxmia/m/it' will be
(Font)              scaled to size 6.0pt on input line 64.
LaTeX Font Info:    Font shape `U/ntxsym/m/n' will be
(Font)              scaled to size 8.0pt on input line 64.
LaTeX Font Info:    Font shape `U/ntxsym/m/n' will be
(Font)              scaled to size 6.0pt on input line 64.
LaTeX Font Info:    Font shape `U/ntxsyc/m/n' will be
(Font)              scaled to size 8.0pt on input line 64.
LaTeX Font Info:    Font shape `U/ntxsyc/m/n' will be
(Font)              scaled to size 6.0pt on input line 64.
LaTeX Font Info:    Font shape `U/ntxexa/m/n' will be
(Font)              scaled to size 8.0pt on input line 64.
LaTeX Font Info:    Font shape `U/ntxexa/m/n' will be
(Font)              scaled to size 6.0pt on input line 64.
LaTeX Font Info:    Font shape `OT1/minntx/b/n' will be
(Font)              scaled to size 8.0pt on input line 64.
LaTeX Font Info:    Font shape `OT1/minntx/b/n' will be
(Font)              scaled to size 6.0pt on input line 64.
LaTeX Font Info:    Font shape `OML/ntxmi/b/it' will be
(Font)              scaled to size 8.0pt on input line 64.
LaTeX Font Info:    Font shape `OML/ntxmi/b/it' will be
(Font)              scaled to size 6.0pt on input line 64.
LaTeX Font Info:    Font shape `LMS/ntxsy/b/n' will be
(Font)              scaled to size 8.0pt on input line 64.
LaTeX Font Info:    Font shape `LMS/ntxsy/b/n' will be
(Font)              scaled to size 6.0pt on input line 64.
LaTeX Font Info:    Font shape `LMX/ntxexx/b/n' will be
(Font)              scaled to size 8.0pt on input line 64.
LaTeX Font Info:    Font shape `LMX/ntxexx/b/n' will be
(Font)              scaled to size 6.0pt on input line 64.
LaTeX Font Info:    Font shape `TU/TeXGyreTermesX(0)/m/n' will be
(Font)              scaled to size 8.0pt on input line 64.
LaTeX Font Info:    Font shape `LTJY3/AdobeSongStd-Light.otf(1)/m/n' will be
(Font)              scaled to size 8.0pt on input line 64.
LaTeX Font Info:    Font shape `LTJY3/AdobeSongStd-Light.otf(1)/b/n' will be
(Font)              scaled to size 12.045pt on input line 71.


LaTeX Font Info:    Font shape `LTJY3/AdobeSongStd-Light.otf(1)/m/n' will be
(Font)              scaled to size 10.53937pt on input line 79.

Package fancyhdr Warning: \headheight is too small (12.0pt): 
(fancyhdr)                Make it at least 13.06885pt, for example:
(fancyhdr)                \setlength{\headheight}{13.06885pt}.
(fancyhdr)                You might also make \topmargin smaller:
(fancyhdr)                \addtolength{\topmargin}{-1.06885pt}.

[1


]


Package fancyhdr Warning: \headheight is too small (12.0pt): 
(fancyhdr)                Make it at least 13.06885pt, for example:
(fancyhdr)                \setlength{\headheight}{13.06885pt}.
(fancyhdr)                You might also make \topmargin smaller:
(fancyhdr)                \addtolength{\topmargin}{-1.06885pt}.

[2]
2
LaTeX Font Info:    Font shape `TU/TeXGyreTermesX(0)/b/n' will be
(Font)              scaled to size 15.05624pt on input line 80.
LaTeX Font Info:    Font shape `LTJY3/AdobeHeitiStd-Regular.otf(0)/b/n' will be

(Font)              scaled to size 15.05624pt on input line 80.
<image/作者信息.png, id=185, 325.96782pt x 226.59656pt>
File: image/作者信息.png Graphic file (type png)
<use image/作者信息.png>
Package luatex.def Info: image/作者信息.png  used on input line 85.
(luatex.def)             Requested size: 267.68329pt x 186.08083pt.
LaTeX Font Info:    Font shape `TU/TeXGyreTermesX(0)/m/n' will be
(Font)              scaled to size 9.03374pt on input line 86.
LaTeX Font Info:    Font shape `LTJY3/AdobeSongStd-Light.otf(0)/m/n' will be
(Font)              scaled to size 9.03374pt on input line 86.
LaTeX Font Info:    Font shape `TU/TeXGyreTermesX(0)/m/n' will be
(Font)              scaled to size 10.5pt on input line 86.
LaTeX Font Info:    Font shape `LTJY3/AdobeSongStd-Light.otf(0)/m/n' will be
(Font)              scaled to size 10.5pt on input line 86.
<image/标题使用.png, id=187, 728.7225pt x 523.20468pt>
File: image/标题使用.png Graphic file (type png)
<use image/标题使用.png>
Package luatex.def Info: image/标题使用.png  used on input line 94.
(luatex.def)             Requested size: 295.90588pt x 212.44759pt.
<image/table.png, id=189, 616.55344pt x 271.76532pt>
File: image/table.png Graphic file (type png)
<use image/table.png>
Package luatex.def Info: image/table.png  used on input line 103.
(luatex.def)             Requested size: 295.90588pt x 130.43343pt.


LaTeX Font Info:    Font shape `OT1/minntx/m/n' will be
(Font)              scaled to size 7.0pt on input line 107.
LaTeX Font Info:    Font shape `OT1/minntx/m/n' will be
(Font)              scaled to size 5.0pt on input line 107.
LaTeX Font Info:    Font shape `OML/ntxmi/m/it' will be
(Font)              scaled to size 7.0pt on input line 107.
LaTeX Font Info:    Font shape `OML/ntxmi/m/it' will be
(Font)              scaled to size 5.0pt on input line 107.
LaTeX Font Info:    Font shape `LMS/ntxsy/m/n' will be
(Font)              scaled to size 7.0pt on input line 107.
LaTeX Font Info:    Font shape `LMS/ntxsy/m/n' will be
(Font)              scaled to size 5.0pt on input line 107.
LaTeX Font Info:    Font shape `LMX/ntxexx/m/n' will be
(Font)              scaled to size 7.0pt on input line 107.
LaTeX Font Info:    Font shape `LMX/ntxexx/m/n' will be
(Font)              scaled to size 5.0pt on input line 107.
LaTeX Font Info:    Font shape `LTJY3/AdobeSongStd-Light.otf(0)/m/n' will be
(Font)              scaled to size 7.0pt on input line 107.
LaTeX Font Info:    Font shape `LTJY3/AdobeSongStd-Light.otf(0)/m/n' will be
(Font)              scaled to size 5.0pt on input line 107.
LaTeX Font Info:    Font shape `U/ntxmia/m/it' will be
(Font)              scaled to size 7.0pt on input line 107.
LaTeX Font Info:    Font shape `U/ntxmia/m/it' will be
(Font)              scaled to size 5.0pt on input line 107.
LaTeX Font Info:    Font shape `U/ntxsym/m/n' will be
(Font)              scaled to size 7.0pt on input line 107.
LaTeX Font Info:    Font shape `U/ntxsym/m/n' will be
(Font)              scaled to size 5.0pt on input line 107.
LaTeX Font Info:    Font shape `U/ntxsyc/m/n' will be
(Font)              scaled to size 7.0pt on input line 107.
LaTeX Font Info:    Font shape `U/ntxsyc/m/n' will be
(Font)              scaled to size 5.0pt on input line 107.
LaTeX Font Info:    Font shape `U/ntxexa/m/n' will be
(Font)              scaled to size 7.0pt on input line 107.
LaTeX Font Info:    Font shape `U/ntxexa/m/n' will be
(Font)              scaled to size 5.0pt on input line 107.
LaTeX Font Info:    Font shape `OT1/minntx/b/n' will be
(Font)              scaled to size 7.0pt on input line 107.
LaTeX Font Info:    Font shape `OT1/minntx/b/n' will be
(Font)              scaled to size 5.0pt on input line 107.
LaTeX Font Info:    Font shape `OML/ntxmi/b/it' will be
(Font)              scaled to size 7.0pt on input line 107.
LaTeX Font Info:    Font shape `OML/ntxmi/b/it' will be
(Font)              scaled to size 5.0pt on input line 107.
LaTeX Font Info:    Font shape `LMS/ntxsy/b/n' will be
(Font)              scaled to size 7.0pt on input line 107.
LaTeX Font Info:    Font shape `LMS/ntxsy/b/n' will be
(Font)              scaled to size 5.0pt on input line 107.
LaTeX Font Info:    Font shape `LMX/ntxexx/b/n' will be
(Font)              scaled to size 7.0pt on input line 107.
LaTeX Font Info:    Font shape `LMX/ntxexx/b/n' will be
(Font)              scaled to size 5.0pt on input line 107.
LaTeX Font Info:    Font shape `TU/TeXGyreTermesX(0)/m/n' will be
(Font)              scaled to size 7.0pt on input line 107.
LaTeX Font Info:    Font shape `LTJY3/AdobeSongStd-Light.otf(1)/m/n' will be
(Font)              scaled to size 7.0pt on input line 107.

Package fancyhdr Warning: \headheight is too small (12.0pt): 
(fancyhdr)                Make it at least 13.06885pt, for example:
(fancyhdr)                \setlength{\headheight}{13.06885pt}.
(fancyhdr)                You might also make \topmargin smaller:
(fancyhdr)                \addtolength{\topmargin}{-1.06885pt}.

[3<./image/作者信息.png><./image/标题使用.png>]
<image/figure.png, id=200, 655.69969pt x 289.83281pt>
File: image/figure.png Graphic file (type png)
<use image/figure.png>
Package luatex.def Info: image/figure.png  used on input line 136.
(luatex.def)             Requested size: 295.90588pt x 130.79504pt.
<image/chap04/1.jpg, id=201, 206.27063pt x 202.50656pt>
File: image/chap04/1.jpg Graphic file (type jpg)
<use image/chap04/1.jpg>
Package luatex.def Info: image/chap04/1.jpg  used on input line 146.
(luatex.def)             Requested size: 196.66235pt x 193.07536pt.
<image/chap04/2.jpg, id=202, 207.02344pt x 196.48407pt>
File: image/chap04/2.jpg Graphic file (type jpg)
<use image/chap04/2.jpg>
Package luatex.def Info: image/chap04/2.jpg  used on input line 152.
(luatex.def)             Requested size: 196.66235pt x 186.65579pt.
File: image/chap04/2.jpg Graphic file (type jpg)
<use image/chap04/2.jpg>
Package luatex.def Info: image/chap04/2.jpg  used on input line 161.
(luatex.def)             Requested size: 182.09486pt x 172.82855pt.
File: image/chap04/2.jpg Graphic file (type jpg)
<use image/chap04/2.jpg>
Package luatex.def Info: image/chap04/2.jpg  used on input line 162.
(luatex.def)             Requested size: 182.09486pt x 172.82855pt.



Package fancyhdr Warning: \headheight is too small (12.0pt): 
(fancyhdr)                Make it at least 13.06885pt, for example:
(fancyhdr)                \setlength{\headheight}{13.06885pt}.
(fancyhdr)                You might also make \topmargin smaller:
(fancyhdr)                \addtolength{\topmargin}{-1.06885pt}.

[4<./image/table.png>]


Package fancyhdr Warning: \headheight is too small (12.0pt): 
(fancyhdr)                Make it at least 13.06885pt, for example:
(fancyhdr)                \setlength{\headheight}{13.06885pt}.
(fancyhdr)                You might also make \topmargin smaller:
(fancyhdr)                \addtolength{\topmargin}{-1.06885pt}.

[5<./image/figure.png><./image/chap04/1.jpg><./image/chap04/2.jpg>]
Overfull \hbox (15.65411pt too wide) in paragraph at lines 177--178
[]|\LTJY3/AdobeSongStd-Light.otf(1)/m/n/12.045 可 |以 |直 |接 |使 |用 |
第 |三 |方 \TU/TeXGyreTermesX(0)/m/n/12.045 La-TeX |\LTJY3/AdobeSongStd-Ligh
t.otf(1)/m/n/12.045 线 |上 |编 |译 |平 |台 |模 |板 |库 \TU/TeXGyreTerm
esX(0)/m/n/12.045 [TeX-Page](https://www.tex-page.com/)[]
 []




Package fancyhdr Warning: \headheight is too small (12.0pt): 
(fancyhdr)                Make it at least 13.06885pt, for example:
(fancyhdr)                \setlength{\headheight}{13.06885pt}.
(fancyhdr)                You might also make \topmargin smaller:
(fancyhdr)                \addtolength{\topmargin}{-1.06885pt}.

[6]
3

Overfull \hbox (7.05821pt too wide) in paragraph at lines 190--191
[]|\LTJY3/AdobeSongStd-Light.otf(1)/m/n/12.045 参 |考 |文 |献 |均 |使 |
用 \TU/TeXGyreTermesX(0)/m/n/12.045 bib-tex |\LTJY3/AdobeSongStd-Light.otf(1)/
m/n/12.045 的 |形 |式 |记 |录 |在 \TU/TeXGyreTermesX(0)/m/n/12.045 `main.b
ib' |\LTJY3/AdobeSongStd-Light.otf(1)/m/n/12.045 文 |件 |中 [] |当 |需 |
要 |引 |用 |时 |可 |使 |用 \TU/TeXGyreTermesX(0)/m/n/12.045 `\cite`|\LTJ
Y3/AdobeSongStd-Light.otf(1)/m/n/12.045 和
 []




Package fancyhdr Warning: \headheight is too small (12.0pt): 
(fancyhdr)                Make it at least 13.06885pt, for example:
(fancyhdr)                \setlength{\headheight}{13.06885pt}.
(fancyhdr)                You might also make \topmargin smaller:
(fancyhdr)                \addtolength{\topmargin}{-1.06885pt}.

[7
Missing character: There is no 两 (U+4E24) in font [TeXGyreTermesX-Regular.otf]
:mode=base;script=latn;language=dflt;-ss05;+tlig;+tnum;+lnum;!
]


Package fancyhdr Warning: \headheight is too small (12.0pt): 
(fancyhdr)                Make it at least 13.06885pt, for example:
(fancyhdr)                \setlength{\headheight}{13.06885pt}.
(fancyhdr)                You might also make \topmargin smaller:
(fancyhdr)                \addtolength{\topmargin}{-1.06885pt}.

[8] (./main.bbl


Package fancyhdr Warning: \headheight is too small (12.0pt): 
(fancyhdr)                Make it at least 13.06885pt, for example:
(fancyhdr)                \setlength{\headheight}{13.06885pt}.
(fancyhdr)                You might also make \topmargin smaller:
(fancyhdr)                \addtolength{\topmargin}{-1.06885pt}.

[9])


Package fancyhdr Warning: \headheight is too small (12.0pt): 
(fancyhdr)                Make it at least 13.06885pt, for example:
(fancyhdr)                \setlength{\headheight}{13.06885pt}.
(fancyhdr)                You might also make \topmargin smaller:
(fancyhdr)                \addtolength{\topmargin}{-1.06885pt}.

[10]
附录 A



Package fancyhdr Warning: \headheight is too small (12.0pt): 
(fancyhdr)                Make it at least 13.06885pt, for example:
(fancyhdr)                \setlength{\headheight}{13.06885pt}.
(fancyhdr)                You might also make \topmargin smaller:
(fancyhdr)                \addtolength{\topmargin}{-1.06885pt}.

[11]
附录 B



Package fancyhdr Warning: \headheight is too small (12.0pt): 
(fancyhdr)                Make it at least 13.06885pt, for example:
(fancyhdr)                \setlength{\headheight}{13.06885pt}.
(fancyhdr)                You might also make \topmargin smaller:
(fancyhdr)                \addtolength{\topmargin}{-1.06885pt}.

[12

]
runsystem(latexminted cleantemp  --timestamp 20251009094533 FAD58DE7366495DB4650
CFEFAC2FCD61)...failed. 
 (./main.aux)
 ***********
LaTeX2e <2024-11-01> patch level 2
L3 programming layer <2020/03/25>
 ***********


LaTeX Font Warning: Some font shapes were not available, defaults substituted.

Package rerunfilecheck Info: File `main.out' has not changed.
(rerunfilecheck)             Checksum: C105D654BABB3E7672F0E5E1F2D62075;2516.
)

Here is how much of LuaTeX's memory you used:
 32945 strings out of 475506
 125096,1373583 words of node,token memory allocated
 1909 words of node memory still in use:
   7 hlist, 2 vlist, 2 rule, 2 glue, 52 kern, 1 glyph, 338 attribute, 132 glue_s
pec, 39 attribute_list, 1 write, 10 user_defined, 1 pdf_action nodes
   avail lists: 1:6,2:32674,3:367,4:372,5:145,6:85,7:4025,8:49,9:1459,10:17,11:1
47,12:1
 54802 multiletter control sequences out of 65536+600000
 395 fonts using 275643791 bytes
 125i,15n,128p,1169b,716s stack positions out of 10000i,1000n,20000p,200000b,200000s
{d:/Program Files/texlive/2025/texmf-dist/fonts/enc/dvips/newtx/ntx-ot1-tlf.enc}
<d:/Program Files/texlive/2025/texmf-dist/fonts/opentype/public/newtx/TeXGyreTer
mesX-Bold.otf><d:/Program Files/texlive/2025/texmf-dist/fonts/opentype/public/ne
wtx/TeXGyreTermesX-Regular.otf><./fonts/AdobeSongStd-Light.otf><./fonts/AdobeHei
tiStd-Regular.otf><d:/Program Files/texlive/2025/texmf-dist/fonts/type1/public/n
ewtx/NewTXMI.pfb><d:/Program Files/texlive/2025/texmf-dist/fonts/type1/public/ne
wtx/txmiaX.pfb><d:/Program Files/texlive/2025/texmf-dist/fonts/type1/public/newt
x/txsys.pfb><d:/Program Files/texlive/2025/texmf-dist/fonts/type1/public/newtx/z
tmr.pfb>
Output written on main.pdf (18 pages, 755304 bytes).

PDF statistics: 335 PDF objects out of 1000 (max. 8388607)
 287 compressed objects within 3 object streams
 75 named destinations out of 1000 (max. 131072)
 201 words of extra memory for PDF output out of 10000 (max. 100000000)

